CREATE OR REPLACE PROCEDURE INSERTS() IS
BEGIN

CREATE TABLE parcela (idParcela number(10) NOT NULL, designacao varchar2(255) NOT NULL UNIQUE, area number(19, 2) NOT NULL, PRIMARY KEY (idParcela));
CREATE TABLE cultura (idCultura number(10) NOT NULL, idPlanta number(10) NOT NULL, idParcela number(10) NOT NULL, dataInicio date NOT NULL, dataFim date, quantidade number(19, 2) NOT NULL, idUnidade number(10) NOT NULL, PRIMARY KEY (idCultura));
CREATE TABLE planta (idPlanta number(10) NOT NULL, nome varchar2(255) NOT NULL, especie varchar2(255) NOT NULL, variedade varchar2(255) NOT NULL, idTipoProduto number(10) NOT NULL, idTipoCultura number(10) NOT NULL, PRIMARY KEY (idPlanta));
CREATE TABLE produto (idTipoProduto number(10) NOT NULL, tipoProduto varchar2(255) NOT NULL UNIQUE, PRIMARY KEY (idTipoProduto));
CREATE TABLE tipoCultura (idTipoCultura number(10) NOT NULL, tipoCultura varchar2(255) NOT NULL UNIQUE, PRIMARY KEY (idTipoCultura));
CREATE TABLE fatorDeProducao (idFatorDeProducao number(10) NOT NULL, nomeComercial varchar2(255) NOT NULL, idTipoFatorDeProducao number(10) NOT NULL, idFormulacao number(10) NOT NULL, PRIMARY KEY (idFatorDeProducao));
CREATE TABLE tipoFatorDeProducao (idTipoFatorDeProducao number(10) NOT NULL, tipoFatorDeProducao varchar2(255) NOT NULL UNIQUE, PRIMARY KEY (idTipoFatorDeProducao));
CREATE TABLE formulacao (idFormulacao number(10) NOT NULL, formulacao varchar2(255) NOT NULL UNIQUE, PRIMARY KEY (idFormulacao));
CREATE TABLE operacaoAgricula (idOperacao number(10) NOT NULL, dataOperacao date NOT NULL, idParcela number(10) NOT NULL, idCultura number(10), idTipoOperacao number(10) NOT NULL, quantidade number(19, 2) NOT NULL, idUnidade number(10) NOT NULL, PRIMARY KEY (idOperacao));
CREATE TABLE tipoOperacaoAgricula (idTipoOperacao number(10) NOT NULL, tipoOperacao varchar2(255) NOT NULL UNIQUE, PRIMARY KEY (idTipoOperacao));
CREATE TABLE colheitaPrevista (idCulturaPrevista number(10) NOT NULL, idCultura number(10) NOT NULL, quantidadePrevista number(19, 2) NOT NULL, dataPrevista date NOT NULL, PRIMARY KEY (idCulturaPrevista));
CREATE TABLE registoEstadoFenologico (dataRegisto date NOT NULL, idCultura number(10) NOT NULL, idEstadoFenologico number(10) NOT NULL, PRIMARY KEY (dataRegisto, idCultura, idEstadoFenologico));
CREATE TABLE estadoFenologico (idEstadoFenologico number(10) NOT NULL, designacao varchar2(255) NOT NULL UNIQUE, PRIMARY KEY (idEstadoFenologico));
CREATE TABLE registoFichaTecnica (idFatorDeProducao number(10) NOT NULL, idComponente number(10) NOT NULL, quantidade number(19, 4) NOT NULL, PRIMARY KEY (idFatorDeProducao, idComponente));
CREATE TABLE componente (idComponente number(10) NOT NULL, designacao varchar2(255) NOT NULL UNIQUE, PRIMARY KEY (idComponente));
CREATE TABLE setorDeRega (idSetor number(10) NOT NULL, caudalMax number(10) NOT NULL, dataInicio date NOT NULL, dataFim date, PRIMARY KEY (idSetor));
CREATE TABLE operacaoAgriculaComFator (idOperacao number(10) NOT NULL, idFatorDeProducao number(10) NOT NULL, idModoDeAplicacao number(10), PRIMARY KEY (idOperacao, idFatorDeProducao));
CREATE TABLE setorCultura (idSetor number(10) NOT NULL, idCultura number(10) NOT NULL, dataInicio date NOT NULL, dataFim date, PRIMARY KEY (idSetor, idCultura));
CREATE TABLE unidade (idUnidade number(10) NOT NULL, unidade varchar2(255) NOT NULL UNIQUE, PRIMARY KEY (idUnidade));
CREATE TABLE modoDeAplicacao (idModoDeAplicacao number(10) NOT NULL, modoDeAplicacao varchar2(255) NOT NULL UNIQUE, PRIMARY KEY (idModoDeAplicacao));
ALTER TABLE planta ADD CONSTRAINT FKplanta543564 FOREIGN KEY (idTipoProduto) REFERENCES produto (idTipoProduto);
ALTER TABLE cultura ADD CONSTRAINT FKcultura54749 FOREIGN KEY (idPlanta) REFERENCES planta (idPlanta);
ALTER TABLE cultura ADD CONSTRAINT FKcultura850567 FOREIGN KEY (idParcela) REFERENCES parcela (idParcela);
ALTER TABLE fatorDeProducao ADD CONSTRAINT FKfatorDePro277544 FOREIGN KEY (idTipoFatorDeProducao) REFERENCES tipoFatorDeProducao (idTipoFatorDeProducao);
ALTER TABLE fatorDeProducao ADD CONSTRAINT FKfatorDePro416661 FOREIGN KEY (idFormulacao) REFERENCES formulacao (idFormulacao);
ALTER TABLE operacaoAgricula ADD CONSTRAINT FKoperacaoAg269718 FOREIGN KEY (idParcela) REFERENCES parcela (idParcela);
ALTER TABLE operacaoAgricula ADD CONSTRAINT FKoperacaoAg913904 FOREIGN KEY (idCultura) REFERENCES cultura (idCultura);
ALTER TABLE operacaoAgricula ADD CONSTRAINT FKoperacaoAg449151 FOREIGN KEY (idTipoOperacao) REFERENCES tipoOperacaoAgricula (idTipoOperacao);
ALTER TABLE colheitaPrevista ADD CONSTRAINT FKcolheitaPr355475 FOREIGN KEY (idCultura) REFERENCES cultura (idCultura);
ALTER TABLE registoEstadoFenologico ADD CONSTRAINT FKregistoEst749834 FOREIGN KEY (idCultura) REFERENCES cultura (idCultura);
ALTER TABLE registoEstadoFenologico ADD CONSTRAINT FKregistoEst313914 FOREIGN KEY (idEstadoFenologico) REFERENCES estadoFenologico (idEstadoFenologico);
ALTER TABLE registoFichaTecnica ADD CONSTRAINT FKregistoFic117034 FOREIGN KEY (idFatorDeProducao) REFERENCES fatorDeProducao (idFatorDeProducao);
ALTER TABLE registoFichaTecnica ADD CONSTRAINT FKregistoFic409363 FOREIGN KEY (idComponente) REFERENCES componente (idComponente);
ALTER TABLE operacaoAgriculaComFator ADD CONSTRAINT FKoperacaoAg498031 FOREIGN KEY (idFatorDeProducao) REFERENCES fatorDeProducao (idFatorDeProducao);
ALTER TABLE operacaoAgriculaComFator ADD CONSTRAINT FKoperacaoAg13254 FOREIGN KEY (idOperacao) REFERENCES operacaoAgricula (idOperacao);
ALTER TABLE setorCultura ADD CONSTRAINT FKsetorCultu9424 FOREIGN KEY (idSetor) REFERENCES setorDeRega (idSetor);
ALTER TABLE setorCultura ADD CONSTRAINT FKsetorCultu643735 FOREIGN KEY (idCultura) REFERENCES cultura (idCultura);
ALTER TABLE operacaoAgricula ADD CONSTRAINT FKoperacaoAg368095 FOREIGN KEY (idUnidade) REFERENCES unidade (idUnidade);
ALTER TABLE planta ADD CONSTRAINT FKplanta42303 FOREIGN KEY (idTipoCultura) REFERENCES tipoCultura (idTipoCultura);
ALTER TABLE cultura ADD CONSTRAINT FKcultura787245 FOREIGN KEY (idUnidade) REFERENCES unidade (idUnidade);
ALTER TABLE operacaoAgriculaComFator ADD CONSTRAINT FKoperacaoAg895663 FOREIGN KEY (idModoDeAplicacao) REFERENCES modoDeAplicacao (idModoDeAplicacao);


INSERT INTO parcela (idParcela, designacao, area)  values (101, 'Campo da bouça', 1.2);
INSERT INTO parcela (idParcela, designacao, area)  values (102, 'Campo grande', 3);
INSERT INTO parcela (idParcela, designacao, area)  values (103, 'Campo do poço', 1.5);
INSERT INTO parcela (idParcela, designacao, area)  values (104, 'Lameiro da ponte', 0.8);
INSERT INTO parcela (idParcela, designacao, area)  values (105, 'Lameiro do moinho', 1.1);
INSERT INTO parcela (idParcela, designacao, area)  values (106, 'Horta nova', 0.3);
INSERT INTO parcela (idParcela, designacao, area)  values (107, 'Vinha', 2);
INSERT INTO parcela (idParcela, designacao, area)  values (108, 'Campo Novo', 1.1);

INSERT INTO setorDeRega (idSetor, caudalMax, dataInicio, dataFim)  values (10, 2500, TO_DATE('01/05/2017', 'DD/MM/YYYY'), NULL);
INSERT INTO setorDeRega (idSetor, caudalMax, dataInicio, dataFim)  values (11, 1500, TO_DATE('01/05/2017', 'DD/MM/YYYY'), NULL);
INSERT INTO setorDeRega (idSetor, caudalMax, dataInicio, dataFim)  values (21, 3500, TO_DATE('01/05/2017', 'DD/MM/YYYY'), NULL);
INSERT INTO setorDeRega (idSetor, caudalMax, dataInicio, dataFim)  values (22, 3500, TO_DATE('01/05/2019', 'DD/MM/YYYY'), NULL);
INSERT INTO setorDeRega (idSetor, caudalMax, dataInicio, dataFim)  values (41, 2500, TO_DATE('01/04/2023', 'DD/MM/YYYY'), TO_DATE('10/10/2023', 'DD/MM/YYYY'));
INSERT INTO setorDeRega (idSetor, caudalMax, dataInicio, dataFim)  values (42, 3500, TO_DATE('01/04/2023', 'DD/MM/YYYY'), TO_DATE('10/10/2023', 'DD/MM/YYYY'));

INSERT INTO produto (idTipoProduto, tipoProduto)  values (1, 'Ameixa');
INSERT INTO produto (idTipoProduto, tipoProduto)  values (2, 'Damásco');
INSERT INTO produto (idTipoProduto, tipoProduto)  values (3, 'Maçã');
INSERT INTO produto (idTipoProduto, tipoProduto)  values (4, 'Pera');
INSERT INTO produto (idTipoProduto, tipoProduto)  values (5, 'Cenoura');
INSERT INTO produto (idTipoProduto, tipoProduto)  values (6, 'Tremoço');
INSERT INTO produto (idTipoProduto, tipoProduto)  values (7, 'Milho');
INSERT INTO produto (idTipoProduto, tipoProduto)  values (8, 'Nabo Greleiro');
INSERT INTO produto (idTipoProduto, tipoProduto)  values (9, 'Azeitona');
INSERT INTO produto (idTipoProduto, tipoProduto)  values (10, 'Nabo');
INSERT INTO produto (idTipoProduto, tipoProduto)  values (11, 'Uva');
INSERT INTO produto (idTipoProduto, tipoProduto)  values (12, 'Abóbora manteiga');

INSERT INTO tipoCultura (idTipoCultura, tipoCultura)  values (1, 'Temporária');
INSERT INTO tipoCultura (idTipoCultura, tipoCultura)  values (2, 'Permanente');


INSERT INTO unidade (idUnidade, unidade)  values (1 , 'un');
INSERT INTO unidade (idUnidade, unidade)  values (2 , 'm3');
INSERT INTO unidade (idUnidade, unidade)  values (3 , 'kg');
INSERT INTO unidade (idUnidade, unidade)  values (4 , 'ha');
INSERT INTO unidade (idUnidade, unidade)  values (5 , 'min');


INSERT INTO planta (idPlanta, nome, especie, variedade, idTipoProduto, idTipoCultura)  values (1, 'Ameixoeira', 'Prunus domestica', 'Rainha Claudia Caranguejeira', 1, 2);
INSERT INTO planta (idPlanta, nome, especie, variedade, idTipoProduto, idTipoCultura)  values (2, 'Ameixoeira', 'Prunus domestica', 'President', 1, 2);
INSERT INTO planta (idPlanta, nome, especie, variedade, idTipoProduto, idTipoCultura)  values (3, 'Ameixoeira', 'Prunus domestica', 'Stanley', 1, 2);
INSERT INTO planta (idPlanta, nome, especie, variedade, idTipoProduto, idTipoCultura)  values (4, 'Ameixoeira', 'Prunus domestica', 'Angeleno', 1, 2);
INSERT INTO planta (idPlanta, nome, especie, variedade, idTipoProduto, idTipoCultura)  values (5, 'Ameixoeira', 'Prunus domestica', 'Black Beauty', 1, 2);
INSERT INTO planta (idPlanta, nome, especie, variedade, idTipoProduto, idTipoCultura)  values (6, 'Ameixoeira', 'Prunus domestica', 'Black Star', 1, 2);
INSERT INTO planta (idPlanta, nome, especie, variedade, idTipoProduto, idTipoCultura)  values (7, 'Ameixoeira', 'Prunus domestica', 'Black Gold', 1, 2);
INSERT INTO planta (idPlanta, nome, especie, variedade, idTipoProduto, idTipoCultura)  values (8, 'Ameixoeira', 'Prunus domestica', 'Black Diamond', 1, 2);
INSERT INTO planta (idPlanta, nome, especie, variedade, idTipoProduto, idTipoCultura)  values (9, 'Ameixoeira', 'Prunus domestica', 'Black Amber', 1, 2);
INSERT INTO planta (idPlanta, nome, especie, variedade, idTipoProduto, idTipoCultura)  values (10, 'Ameixoeira', 'Prunus domestica', 'Black Splendor', 1, 2);
INSERT INTO planta (idPlanta, nome, especie, variedade, idTipoProduto, idTipoCultura)  values (11, 'Ameixoeira', 'Prunus domestica', 'Fortuna', 1, 2);
INSERT INTO planta (idPlanta, nome, especie, variedade, idTipoProduto, idTipoCultura)  values (12, 'Ameixoeira', 'Prunus domestica', 'Friar', 1, 2);
INSERT INTO planta (idPlanta, nome, especie, variedade, idTipoProduto, idTipoCultura)  values (13, 'Ameixoeira', 'Prunus domestica', 'El Dorado', 1, 2);
INSERT INTO planta (idPlanta, nome, especie, variedade, idTipoProduto, idTipoCultura)  values (14, 'Ameixoeira', 'Prunus domestica', 'Elephant Heart', 1, 2);
INSERT INTO planta (idPlanta, nome, especie, variedade, idTipoProduto, idTipoCultura)  values (15, 'Ameixoeira', 'Prunus domestica', 'Golden Japan', 1, 2);
INSERT INTO planta (idPlanta, nome, especie, variedade, idTipoProduto, idTipoCultura)  values (16, 'Ameixoeira', 'Prunus domestica', 'Harry Pitchon', 1, 2);
INSERT INTO planta (idPlanta, nome, especie, variedade, idTipoProduto, idTipoCultura)  values (17, 'Ameixoeira', 'Prunus domestica', 'Laetitia', 1, 2);
INSERT INTO planta (idPlanta, nome, especie, variedade, idTipoProduto, idTipoCultura)  values (18, 'Ameixoeira', 'Prunus domestica', 'Metley', 1, 2);
INSERT INTO planta (idPlanta, nome, especie, variedade, idTipoProduto, idTipoCultura)  values (19, 'Ameixoeira', 'Prunus domestica', 'Mirabelle De Nancy', 1, 2);
INSERT INTO planta (idPlanta, nome, especie, variedade, idTipoProduto, idTipoCultura)  values (20, 'Ameixoeira', 'Prunus domestica', 'Queen Rose', 1, 2);
INSERT INTO planta (idPlanta, nome, especie, variedade, idTipoProduto, idTipoCultura)  values (21, 'Ameixoeira', 'Prunus domestica', 'Red Beaut', 1, 2);
INSERT INTO planta (idPlanta, nome, especie, variedade, idTipoProduto, idTipoCultura)  values (22, 'Ameixoeira', 'Prunus domestica', 'Santa Rosa', 1, 2);
INSERT INTO planta (idPlanta, nome, especie, variedade, idTipoProduto, idTipoCultura)  values (23, 'Ameixoeira', 'Prunus domestica', 'Shiro', 1, 2);
INSERT INTO planta (idPlanta, nome, especie, variedade, idTipoProduto, idTipoCultura)  values (24, 'Ameixoeira', 'Prunus domestica', 'Sungold', 1, 2);
INSERT INTO planta (idPlanta, nome, especie, variedade, idTipoProduto, idTipoCultura)  values (25, 'Ameixoeira', 'Prunus domestica', 'Wilson Perfection', 1, 2);
INSERT INTO planta (idPlanta, nome, especie, variedade, idTipoProduto, idTipoCultura)  values (26, 'Ameixoeira', 'Prunus domestica', 'Autumn Giant', 1, 2);
INSERT INTO planta (idPlanta, nome, especie, variedade, idTipoProduto, idTipoCultura)  values (27, 'Damasqueiro', 'Prunus armeniaca', 'Bulida', 2, 2);
INSERT INTO planta (idPlanta, nome, especie, variedade, idTipoProduto, idTipoCultura)  values (28, 'Damasqueiro', 'Prunus armeniaca', 'Canino', 2, 2);
INSERT INTO planta (idPlanta, nome, especie, variedade, idTipoProduto, idTipoCultura)  values (29, 'Damasqueiro', 'Prunus armeniaca', 'Liabaud', 2, 2);
INSERT INTO planta (idPlanta, nome, especie, variedade, idTipoProduto, idTipoCultura)  values (30, 'Damasqueiro', 'Prunus armeniaca', 'Maillot Jaune', 2, 2);
INSERT INTO planta (idPlanta, nome, especie, variedade, idTipoProduto, idTipoCultura)  values (31, 'Damasqueiro', 'Prunus armeniaca', 'Polonais', 2, 2);
INSERT INTO planta (idPlanta, nome, especie, variedade, idTipoProduto, idTipoCultura)  values (32, 'Macieira', 'Malus domestica', 'Akane', 3, 2);
INSERT INTO planta (idPlanta, nome, especie, variedade, idTipoProduto, idTipoCultura)  values (33, 'Macieira', 'Malus domestica', 'Belgolden', 3, 2);
INSERT INTO planta (idPlanta, nome, especie, variedade, idTipoProduto, idTipoCultura)  values (34, 'Macieira', 'Malus domestica', 'Bravo De Esmolfe', 3, 2);
INSERT INTO planta (idPlanta, nome, especie, variedade, idTipoProduto, idTipoCultura)  values (35, 'Macieira', 'Malus domestica', 'Casa Nova De Alcobaça', 3, 2);
INSERT INTO planta (idPlanta, nome, especie, variedade, idTipoProduto, idTipoCultura)  values (36, 'Macieira', 'Malus domestica', 'Erovan', 3, 2);
INSERT INTO planta (idPlanta, nome, especie, variedade, idTipoProduto, idTipoCultura)  values (37, 'Macieira', 'Malus domestica', 'Fuji', 3, 2);
INSERT INTO planta (idPlanta, nome, especie, variedade, idTipoProduto, idTipoCultura)  values (38, 'Macieira', 'Malus domestica', 'Granny Smith', 3, 2);
INSERT INTO planta (idPlanta, nome, especie, variedade, idTipoProduto, idTipoCultura)  values (39, 'Macieira', 'Malus domestica', 'Golden Delicious', 3, 2);
INSERT INTO planta (idPlanta, nome, especie, variedade, idTipoProduto, idTipoCultura)  values (40, 'Macieira', 'Malus domestica', 'Hi-Early', 3, 2);
INSERT INTO planta (idPlanta, nome, especie, variedade, idTipoProduto, idTipoCultura)  values (41, 'Macieira', 'Malus domestica', 'Jonagored', 3, 2);
INSERT INTO planta (idPlanta, nome, especie, variedade, idTipoProduto, idTipoCultura)  values (42, 'Macieira', 'Malus domestica', 'Lysgolden', 3, 2);
INSERT INTO planta (idPlanta, nome, especie, variedade, idTipoProduto, idTipoCultura)  values (43, 'Macieira', 'Malus domestica', 'Mutsu', 3, 2);
INSERT INTO planta (idPlanta, nome, especie, variedade, idTipoProduto, idTipoCultura)  values (44, 'Macieira', 'Malus domestica', 'Porta Da Loja', 3, 2);
INSERT INTO planta (idPlanta, nome, especie, variedade, idTipoProduto, idTipoCultura)  values (45, 'Macieira', 'Malus domestica', 'Reinette ou Canada', 3, 2);
INSERT INTO planta (idPlanta, nome, especie, variedade, idTipoProduto, idTipoCultura)  values (46, 'Macieira', 'Malus domestica', 'Reinette ou Grand Fay', 3, 2);
INSERT INTO planta (idPlanta, nome, especie, variedade, idTipoProduto, idTipoCultura)  values (47, 'Macieira', 'Malus domestica', 'Riscadinha De Palmela', 3, 2);
INSERT INTO planta (idPlanta, nome, especie, variedade, idTipoProduto, idTipoCultura)  values (48, 'Macieira', 'Malus domestica', 'Royal Gala', 3, 2);
INSERT INTO planta (idPlanta, nome, especie, variedade, idTipoProduto, idTipoCultura)  values (49, 'Macieira', 'Malus domestica', 'RedChief', 3, 2);
INSERT INTO planta (idPlanta, nome, especie, variedade, idTipoProduto, idTipoCultura)  values (50, 'Macieira', 'Malus domestica', 'Starking', 3, 2);
INSERT INTO planta (idPlanta, nome, especie, variedade, idTipoProduto, idTipoCultura)  values (51, 'Macieira', 'Malus domestica', 'Summer Red', 3, 2);
INSERT INTO planta (idPlanta, nome, especie, variedade, idTipoProduto, idTipoCultura)  values (52, 'Macieira', 'Malus domestica', 'Well''Spur Delicious', 3, 2);
INSERT INTO planta (idPlanta, nome, especie, variedade, idTipoProduto, idTipoCultura)  values (53, 'Macieira', 'Malus domestica', 'Noiva', 3, 2);
INSERT INTO planta (idPlanta, nome, especie, variedade, idTipoProduto, idTipoCultura)  values (54, 'Macieira', 'Malus domestica', 'Olho Aberto', 3, 2);
INSERT INTO planta (idPlanta, nome, especie, variedade, idTipoProduto, idTipoCultura)  values (55, 'Macieira', 'Malus domestica', 'Camoesa Rosa', 3, 2);
INSERT INTO planta (idPlanta, nome, especie, variedade, idTipoProduto, idTipoCultura)  values (56, 'Macieira', 'Malus domestica', 'Malápio', 3, 2);
INSERT INTO planta (idPlanta, nome, especie, variedade, idTipoProduto, idTipoCultura)  values (57, 'Macieira', 'Malus domestica', 'Gronho Doce', 3, 2);
INSERT INTO planta (idPlanta, nome, especie, variedade, idTipoProduto, idTipoCultura)  values (58, 'Macieira', 'Malus domestica', 'Pé De BoiNBSP', 3, 2);
INSERT INTO planta (idPlanta, nome, especie, variedade, idTipoProduto, idTipoCultura)  values (59, 'Macieira', 'Malus domestica', 'Pinova', 3, 2);
INSERT INTO planta (idPlanta, nome, especie, variedade, idTipoProduto, idTipoCultura)  values (60, 'Macieira', 'Malus domestica', 'Pardo Lindo', 3, 2);
INSERT INTO planta (idPlanta, nome, especie, variedade, idTipoProduto, idTipoCultura)  values (61, 'Macieira', 'Malus domestica', 'Pipo De Basto', 3, 2);
INSERT INTO planta (idPlanta, nome, especie, variedade, idTipoProduto, idTipoCultura)  values (62, 'Macieira', 'Malus domestica', 'Prima', 3, 2);
INSERT INTO planta (idPlanta, nome, especie, variedade, idTipoProduto, idTipoCultura)  values (63, 'Macieira', 'Malus domestica', 'Querina', 3, 2);
INSERT INTO planta (idPlanta, nome, especie, variedade, idTipoProduto, idTipoCultura)  values (64, 'Macieira', 'Malus domestica', 'Vista Bella', 3, 2);
INSERT INTO planta (idPlanta, nome, especie, variedade, idTipoProduto, idTipoCultura)  values (65, 'Macieira', 'Malus domestica', 'Golden Smoothee', 3, 2);
INSERT INTO planta (idPlanta, nome, especie, variedade, idTipoProduto, idTipoCultura)  values (66, 'Macieira', 'Malus domestica', 'Golden Suprema', 3, 2);
INSERT INTO planta (idPlanta, nome, especie, variedade, idTipoProduto, idTipoCultura)  values (67, 'Macieira', 'Malus domestica', 'Gloster 69', 3, 2);
INSERT INTO planta (idPlanta, nome, especie, variedade, idTipoProduto, idTipoCultura)  values (68, 'Macieira', 'Malus domestica', 'Freedom', 3, 2);
INSERT INTO planta (idPlanta, nome, especie, variedade, idTipoProduto, idTipoCultura)  values (69, 'Pera Nashi', 'Pyrus pyrifolia', 'Sninseiki', 4, 2);
INSERT INTO planta (idPlanta, nome, especie, variedade, idTipoProduto, idTipoCultura)  values (70, 'Pera Nashi', 'Pyrus pyrifolia', 'Kumoi', 4, 2);
INSERT INTO planta (idPlanta, nome, especie, variedade, idTipoProduto, idTipoCultura)  values (71, 'Pera Nashi', 'Pyrus pyrifolia', 'Hosui', 4, 2);
INSERT INTO planta (idPlanta, nome, especie, variedade, idTipoProduto, idTipoCultura)  values (72, 'Pera Nashi', 'Pyrus pyrifolia', 'Nijisseiki', 4, 2);
INSERT INTO planta (idPlanta, nome, especie, variedade, idTipoProduto, idTipoCultura)  values (73, 'Cenoura', 'Daucus carota subsp. Sativus', 'Carson Hybrid', 5, 1);
INSERT INTO planta (idPlanta, nome, especie, variedade, idTipoProduto, idTipoCultura)  values (74, 'Cenoura', 'Daucus carota subsp. Sativus', 'Red Cored Chantenay', 5, 1);
INSERT INTO planta (idPlanta, nome, especie, variedade, idTipoProduto, idTipoCultura)  values (75, 'Cenoura', 'Daucus carota subsp. Sativus', 'Danvers Half Long', 5, 1);
INSERT INTO planta (idPlanta, nome, especie, variedade, idTipoProduto, idTipoCultura)  values (76, 'Cenoura', 'Daucus carota subsp. Sativus', 'Imperator 58', 5, 1);
INSERT INTO planta (idPlanta, nome, especie, variedade, idTipoProduto, idTipoCultura)  values (77, 'Cenoura', 'Daucus carota subsp. Sativus', 'Sugarsnax Hybrid', 5, 1);
INSERT INTO planta (idPlanta, nome, especie, variedade, idTipoProduto, idTipoCultura)  values (78, 'Cenoura', 'Daucus carota subsp. Sativus', 'Nelson Hybrid', 5, 1);
INSERT INTO planta (idPlanta, nome, especie, variedade, idTipoProduto, idTipoCultura)  values (79, 'Cenoura', 'Daucus carota subsp. Sativus', 'Scarlet Nantes', 5, 1);
INSERT INTO planta (idPlanta, nome, especie, variedade, idTipoProduto, idTipoCultura)  values (80, 'Tremoço', 'Lupinus luteus', 'Amarelo', 6, 1);
INSERT INTO planta (idPlanta, nome, especie, variedade, idTipoProduto, idTipoCultura)  values (81, 'Tremoço', 'Lupinus albus', 'Branco', 6, 1);
INSERT INTO planta (idPlanta, nome, especie, variedade, idTipoProduto, idTipoCultura)  values (82, 'Milho', 'Zea mays', 'MAS 24.C', 7, 1);
INSERT INTO planta (idPlanta, nome, especie, variedade, idTipoProduto, idTipoCultura)  values (83, 'Milho', 'Zea mays', 'Doce Golden Bantam', 7, 1);
INSERT INTO planta (idPlanta, nome, especie, variedade, idTipoProduto, idTipoCultura)  values (84, 'Nabo greleiro', 'Brassica rapa', 'Senhora Conceição', 8, 1);
INSERT INTO planta (idPlanta, nome, especie, variedade, idTipoProduto, idTipoCultura)  values (85, 'Oliveira', 'Olea europaea', 'Cobrançosa', 9, 2);
INSERT INTO planta (idPlanta, nome, especie, variedade, idTipoProduto, idTipoCultura)  values (86, 'Oliveira', 'Olea europaea', 'Arbequina', 9, 2);
INSERT INTO planta (idPlanta, nome, especie, variedade, idTipoProduto, idTipoCultura)  values (87, 'Oliveira', 'Olea europaea', 'Hojiblanca', 9, 2);
INSERT INTO planta (idPlanta, nome, especie, variedade, idTipoProduto, idTipoCultura)  values (88, 'Oliveira', 'Olea europaea', 'Negrinha Do Freixo', 9, 2);
INSERT INTO planta (idPlanta, nome, especie, variedade, idTipoProduto, idTipoCultura)  values (89, 'Oliveira', 'Olea europaea', 'Picual', 9, 2);
INSERT INTO planta (idPlanta, nome, especie, variedade, idTipoProduto, idTipoCultura)  values (90, 'Oliveira', 'Olea europaea', 'Maçanilha', 9, 2);
INSERT INTO planta (idPlanta, nome, especie, variedade, idTipoProduto, idTipoCultura)  values (91, 'Oliveira', 'Olea europaea', 'Conserva De Elvas', 9, 2);
INSERT INTO planta (idPlanta, nome, especie, variedade, idTipoProduto, idTipoCultura)  values (92, 'Oliveira', 'Olea europaea', 'Galega', 9, 2);
INSERT INTO planta (idPlanta, nome, especie, variedade, idTipoProduto, idTipoCultura)  values (93, 'Nabo', 'Brassica rapa', 'S. Cosme', 10, 1);
INSERT INTO planta (idPlanta, nome, especie, variedade, idTipoProduto, idTipoCultura)  values (94, 'Videira', 'Vitis vinifera', 'Dona Maria', 11, 2);
INSERT INTO planta (idPlanta, nome, especie, variedade, idTipoProduto, idTipoCultura)  values (95, 'Videira', 'Vitis vinifera', 'Cardinal', 11, 2);
INSERT INTO planta (idPlanta, nome, especie, variedade, idTipoProduto, idTipoCultura)  values (96, 'Abóbora manteiga', 'Cucurbita moschata', 'Butternut', 12, 1);

INSERT INTO cultura (idCultura, idPlanta, idParcela, dataInicio, dataFim, quantidade, idUnidade)  values (1 , 80, 101, TO_DATE('10/10/2020', 'DD/MM/YYYY'), TO_DATE('30/03/2021', 'DD/MM/YYYY'),1.1,4);
INSERT INTO cultura (idCultura, idPlanta, idParcela, dataInicio, dataFim, quantidade, idUnidade)  values (2 , 83, 101, TO_DATE('10/04/2021', 'DD/MM/YYYY'), TO_DATE('12/08/2021', 'DD/MM/YYYY'),0.9,4);
INSERT INTO cultura (idCultura, idPlanta, idParcela, dataInicio, dataFim, quantidade, idUnidade)  values (3 , 80, 101, TO_DATE('03/10/2021', 'DD/MM/YYYY'), TO_DATE('05/04/2022', 'DD/MM/YYYY'),1.1,4);
INSERT INTO cultura (idCultura, idPlanta, idParcela, dataInicio, dataFim, quantidade, idUnidade)  values (4 , 83, 101, TO_DATE('15/04/2022', 'DD/MM/YYYY'), TO_DATE('21/08/2022', 'DD/MM/YYYY'),0.9,4);
INSERT INTO cultura (idCultura, idPlanta, idParcela, dataInicio, dataFim, quantidade, idUnidade)  values (5 , 82, 103, TO_DATE('05/04/2020', 'DD/MM/YYYY'), TO_DATE('20/08/2020', 'DD/MM/YYYY'),1.2,4);
INSERT INTO cultura (idCultura, idPlanta, idParcela, dataInicio, dataFim, quantidade, idUnidade)  values (6 , 80, 103, TO_DATE('12/10/2020', 'DD/MM/YYYY'), TO_DATE('15/03/2021', 'DD/MM/YYYY'),1.3,4);
INSERT INTO cultura (idCultura, idPlanta, idParcela, dataInicio, dataFim, quantidade, idUnidade)  values (7 , 82, 103, TO_DATE('03/04/2021', 'DD/MM/YYYY'), TO_DATE('25/08/2021', 'DD/MM/YYYY'),1.2,4);
INSERT INTO cultura (idCultura, idPlanta, idParcela, dataInicio, dataFim, quantidade, idUnidade)  values (8 , 80, 103, TO_DATE('06/10/2021', 'DD/MM/YYYY'), TO_DATE('19/03/2022', 'DD/MM/YYYY'),1.3,4);
INSERT INTO cultura (idCultura, idPlanta, idParcela, dataInicio, dataFim, quantidade, idUnidade)  values (9 , 82, 103, TO_DATE('08/04/2022', 'DD/MM/YYYY'), TO_DATE('18/08/2022', 'DD/MM/YYYY'),1.2,4);
INSERT INTO cultura (idCultura, idPlanta, idParcela, dataInicio, dataFim, quantidade, idUnidade)  values (10 , 80, 103, TO_DATE('12/10/2022', 'DD/MM/YYYY'), TO_DATE('20/03/2023', 'DD/MM/YYYY'),1.3,4);
INSERT INTO cultura (idCultura, idPlanta, idParcela, dataInicio, dataFim, quantidade, idUnidade)  values (11 , 92, 102, TO_DATE('06/10/2016', 'DD/MM/YYYY'), NULL,30,1);
INSERT INTO cultura (idCultura, idPlanta, idParcela, dataInicio, dataFim, quantidade, idUnidade)  values (12 , 89, 102, TO_DATE('10/10/2016', 'DD/MM/YYYY'), NULL,20,1);
INSERT INTO cultura (idCultura, idPlanta, idParcela, dataInicio, dataFim, quantidade, idUnidade)  values (13 , 79, 106, TO_DATE('10/03/2020', 'DD/MM/YYYY'), TO_DATE('15/05/2020', 'DD/MM/YYYY'),0.15,4);
INSERT INTO cultura (idCultura, idPlanta, idParcela, dataInicio, dataFim, quantidade, idUnidade)  values (14 , 78, 106, TO_DATE('02/06/2020', 'DD/MM/YYYY'), TO_DATE('08/09/2020', 'DD/MM/YYYY'),0.1,4);
INSERT INTO cultura (idCultura, idPlanta, idParcela, dataInicio, dataFim, quantidade, idUnidade)  values (15 , 93, 106, TO_DATE('20/09/2020', 'DD/MM/YYYY'), TO_DATE('10/01/2021', 'DD/MM/YYYY'),0.2,4);
INSERT INTO cultura (idCultura, idPlanta, idParcela, dataInicio, dataFim, quantidade, idUnidade)  values (16 , 77, 106, TO_DATE('10/03/2021', 'DD/MM/YYYY'), TO_DATE('15/05/2021', 'DD/MM/YYYY'),0.15,4);
INSERT INTO cultura (idCultura, idPlanta, idParcela, dataInicio, dataFim, quantidade, idUnidade)  values (17 , 75, 106, TO_DATE('02/06/2021', 'DD/MM/YYYY'), TO_DATE('08/09/2021', 'DD/MM/YYYY'),0.1,4);
INSERT INTO cultura (idCultura, idPlanta, idParcela, dataInicio, dataFim, quantidade, idUnidade)  values (18 , 93, 106, TO_DATE('20/09/2021', 'DD/MM/YYYY'), TO_DATE('10/01/2022', 'DD/MM/YYYY'),0.2,4);
INSERT INTO cultura (idCultura, idPlanta, idParcela, dataInicio, dataFim, quantidade, idUnidade)  values (19 , 77, 106, TO_DATE('06/03/2022', 'DD/MM/YYYY'), TO_DATE('16/05/2022', 'DD/MM/YYYY'),0.15,4);
INSERT INTO cultura (idCultura, idPlanta, idParcela, dataInicio, dataFim, quantidade, idUnidade)  values (20 , 78, 106, TO_DATE('30/05/2022', 'DD/MM/YYYY'), TO_DATE('05/09/2022', 'DD/MM/YYYY'),0.15,4);
INSERT INTO cultura (idCultura, idPlanta, idParcela, dataInicio, dataFim, quantidade, idUnidade)  values (21 , 93, 106, TO_DATE('20/09/2022', 'DD/MM/YYYY'), TO_DATE('14/01/2023', 'DD/MM/YYYY'),0.25,4);
INSERT INTO cultura (idCultura, idPlanta, idParcela, dataInicio, dataFim, quantidade, idUnidade)  values (22 , 41, 104, TO_DATE('07/01/2017', 'DD/MM/YYYY'), NULL,90,1);
INSERT INTO cultura (idCultura, idPlanta, idParcela, dataInicio, dataFim, quantidade, idUnidade)  values (23 , 37, 104, TO_DATE('08/01/2017', 'DD/MM/YYYY'), NULL,60,1);
INSERT INTO cultura (idCultura, idPlanta, idParcela, dataInicio, dataFim, quantidade, idUnidade)  values (24 , 48, 104, TO_DATE('08/01/2017', 'DD/MM/YYYY'), NULL,40,1);
INSERT INTO cultura (idCultura, idPlanta, idParcela, dataInicio, dataFim, quantidade, idUnidade)  values (25 , 48, 104, TO_DATE('10/12/2018', 'DD/MM/YYYY'), NULL,30,1);
INSERT INTO cultura (idCultura, idPlanta, idParcela, dataInicio, dataFim, quantidade, idUnidade)  values (26 , 94, 107, TO_DATE('10/01/2018', 'DD/MM/YYYY'), NULL,500,1);
INSERT INTO cultura (idCultura, idPlanta, idParcela, dataInicio, dataFim, quantidade, idUnidade)  values (27 , 95, 107, TO_DATE('11/01/2018', 'DD/MM/YYYY'), NULL,700,1);
INSERT INTO cultura (idCultura, idPlanta, idParcela, dataInicio, dataFim, quantidade, idUnidade)  values (28 , 44, 105, TO_DATE('09/01/2019', 'DD/MM/YYYY'), NULL,50,1);
INSERT INTO cultura (idCultura, idPlanta, idParcela, dataInicio, dataFim, quantidade, idUnidade)  values (29 , 56, 105, TO_DATE('09/01/2019', 'DD/MM/YYYY'), NULL,20,1);
INSERT INTO cultura (idCultura, idPlanta, idParcela, dataInicio, dataFim, quantidade, idUnidade)  values (30 , 61, 105, TO_DATE('10/01/2019', 'DD/MM/YYYY'), NULL,40,1);
INSERT INTO cultura (idCultura, idPlanta, idParcela, dataInicio, dataFim, quantidade, idUnidade)  values (31 , 45, 105, TO_DATE('10/01/2019', 'DD/MM/YYYY'), NULL,30,1);
INSERT INTO cultura (idCultura, idPlanta, idParcela, dataInicio, dataFim, quantidade, idUnidade)  values (32 , 46, 105, TO_DATE('11/01/2019', 'DD/MM/YYYY'), NULL,40,1);
INSERT INTO cultura (idCultura, idPlanta, idParcela, dataInicio, dataFim, quantidade, idUnidade)  values (33 , 57, 105, TO_DATE('11/01/2019', 'DD/MM/YYYY'), NULL,50,1);
INSERT INTO cultura (idCultura, idPlanta, idParcela, dataInicio, dataFim, quantidade, idUnidade)  values (34 , 86, 102, TO_DATE('12/10/2016', 'DD/MM/YYYY'), NULL,40,1);
INSERT INTO cultura (idCultura, idPlanta, idParcela, dataInicio, dataFim, quantidade, idUnidade)  values (35 , 77, 108, TO_DATE('05/04/2023', 'DD/MM/YYYY'), TO_DATE('25/09/2023', 'DD/MM/YYYY'),0.5,4);
INSERT INTO cultura (idCultura, idPlanta, idParcela, dataInicio, dataFim, quantidade, idUnidade)  values (36 , 96, 108, TO_DATE('06/04/2023', 'DD/MM/YYYY'), TO_DATE('28/06/2023', 'DD/MM/YYYY'),0.6,4);
INSERT INTO cultura (idCultura, idPlanta, idParcela, dataInicio, dataFim, quantidade, idUnidade)  values (37 , 75, 108, TO_DATE('05/07/2023', 'DD/MM/YYYY'), TO_DATE('05/10/2023', 'DD/MM/YYYY'),0.5,4);
INSERT INTO cultura (idCultura, idPlanta, idParcela, dataInicio, dataFim, quantidade, idUnidade)  values (38 , 80, 108, TO_DATE('12/10/2023', 'DD/MM/YYYY'), NULL,1.1,1);


INSERT INTO setorCultura (idSetor, idCultura, dataInicio, dataFim)  values (10, 11, TO_DATE('01/05/2017', 'DD/MM/YYYY'), NULL);
INSERT INTO setorCultura (idSetor, idCultura, dataInicio, dataFim)  values (10, 12, TO_DATE('01/05/2017', 'DD/MM/YYYY'), NULL);
INSERT INTO setorCultura (idSetor, idCultura, dataInicio, dataFim)  values (11, 34, TO_DATE('01/05/2017', 'DD/MM/YYYY'), NULL);
INSERT INTO setorCultura (idSetor, idCultura, dataInicio, dataFim)  values (21, 22, TO_DATE('01/05/2017', 'DD/MM/YYYY'), NULL);
INSERT INTO setorCultura (idSetor, idCultura, dataInicio, dataFim)  values (21, 23, TO_DATE('01/05/2017', 'DD/MM/YYYY'), NULL);
INSERT INTO setorCultura (idSetor, idCultura, dataInicio, dataFim)  values (21, 24, TO_DATE('01/05/2017', 'DD/MM/YYYY'), NULL);
INSERT INTO setorCultura (idSetor, idCultura, dataInicio, dataFim)  values (21, 25, TO_DATE('01/05/2017', 'DD/MM/YYYY'), NULL);
INSERT INTO setorCultura (idSetor, idCultura, dataInicio, dataFim)  values (21, 30, TO_DATE('01/05/2017', 'DD/MM/YYYY'), NULL);
INSERT INTO setorCultura (idSetor, idCultura, dataInicio, dataFim)  values (22, 28, TO_DATE('01/05/2019', 'DD/MM/YYYY'), NULL);
INSERT INTO setorCultura (idSetor, idCultura, dataInicio, dataFim)  values (22, 29, TO_DATE('01/05/2019', 'DD/MM/YYYY'), NULL);
INSERT INTO setorCultura (idSetor, idCultura, dataInicio, dataFim)  values (22, 31, TO_DATE('01/05/2019', 'DD/MM/YYYY'), NULL);
INSERT INTO setorCultura (idSetor, idCultura, dataInicio, dataFim)  values (22, 32, TO_DATE('01/05/2019', 'DD/MM/YYYY'), NULL);
INSERT INTO setorCultura (idSetor, idCultura, dataInicio, dataFim)  values (22, 33, TO_DATE('01/05/2019', 'DD/MM/YYYY'), NULL);
INSERT INTO setorCultura (idSetor, idCultura, dataInicio, dataFim)  values (41, 35, TO_DATE('05/04/2023', 'DD/MM/YYYY'), TO_DATE('31/05/2023', 'DD/MM/YYYY'));
INSERT INTO setorCultura (idSetor, idCultura, dataInicio, dataFim)  values (41, 37, TO_DATE('05/07/2023', 'DD/MM/YYYY'), TO_DATE('08/10/2023', 'DD/MM/YYYY'));
INSERT INTO setorCultura (idSetor, idCultura, dataInicio, dataFim)  values (42, 36, TO_DATE('06/04/2023', 'DD/MM/YYYY'), TO_DATE('10/09/2023', 'DD/MM/YYYY'));


INSERT INTO tipoOperacaoAgricula (idTipoOperacao, tipoOperacao)  values (1 , 'Plantação');
INSERT INTO tipoOperacaoAgricula (idTipoOperacao, tipoOperacao)  values (2 , 'Rega');
INSERT INTO tipoOperacaoAgricula (idTipoOperacao, tipoOperacao)  values (3 , 'Poda');
INSERT INTO tipoOperacaoAgricula (idTipoOperacao, tipoOperacao)  values (4 , 'Fertilização');
INSERT INTO tipoOperacaoAgricula (idTipoOperacao, tipoOperacao)  values (5 , 'Aplicação fitofármaco');
INSERT INTO tipoOperacaoAgricula (idTipoOperacao, tipoOperacao)  values (6 , 'Semeadura');
INSERT INTO tipoOperacaoAgricula (idTipoOperacao, tipoOperacao)  values (7 , 'Colheita');
INSERT INTO tipoOperacaoAgricula (idTipoOperacao, tipoOperacao)  values (8 , 'Incorporação no solo');
INSERT INTO tipoOperacaoAgricula (idTipoOperacao, tipoOperacao)  values (9 , 'Mobilização do solo');
INSERT INTO tipoOperacaoAgricula (idTipoOperacao, tipoOperacao)  values (10 , 'Monda');


INSERT INTO operacaoAgricula (idOperacao, dataOperacao, idParcela, idCultura, idTipoOperacao, quantidade, idUnidade)  values (1 , TO_DATE('06/10/2016', 'DD/MM/YYYY'), 102, 11, 1, 30, 1);
INSERT INTO operacaoAgricula (idOperacao, dataOperacao, idParcela, idCultura, idTipoOperacao, quantidade, idUnidade)  values (2 , TO_DATE('10/10/2016', 'DD/MM/YYYY'), 102, 12, 1, 20, 1);
INSERT INTO operacaoAgricula (idOperacao, dataOperacao, idParcela, idCultura, idTipoOperacao, quantidade, idUnidade)  values (3 , TO_DATE('07/01/2017', 'DD/MM/YYYY'), 104, 22, 1, 90, 1);
INSERT INTO operacaoAgricula (idOperacao, dataOperacao, idParcela, idCultura, idTipoOperacao, quantidade, idUnidade)  values (4 , TO_DATE('08/01/2017', 'DD/MM/YYYY'), 104, 23, 1, 60, 1);
INSERT INTO operacaoAgricula (idOperacao, dataOperacao, idParcela, idCultura, idTipoOperacao, quantidade, idUnidade)  values (5 , TO_DATE('08/01/2017', 'DD/MM/YYYY'), 104, 24, 1, 40, 1);
INSERT INTO operacaoAgricula (idOperacao, dataOperacao, idParcela, idCultura, idTipoOperacao, quantidade, idUnidade)  values (6 , TO_DATE('03/07/2017', 'DD/MM/YYYY'), 102, 12, 2, 0.4, 2);
INSERT INTO operacaoAgricula (idOperacao, dataOperacao, idParcela, idCultura, idTipoOperacao, quantidade, idUnidade)  values (7 , TO_DATE('03/07/2017', 'DD/MM/YYYY'), 102, 11, 2, 0.9, 2);
INSERT INTO operacaoAgricula (idOperacao, dataOperacao, idParcela, idCultura, idTipoOperacao, quantidade, idUnidade)  values (209 , TO_DATE('10/07/2017', 'DD/MM/YYYY'), 104, 22, 2, 3, 2);
INSERT INTO operacaoAgricula (idOperacao, dataOperacao, idParcela, idCultura, idTipoOperacao, quantidade, idUnidade)  values (210 , TO_DATE('10/07/2017', 'DD/MM/YYYY'), 104, 23, 2, 3, 2);
INSERT INTO operacaoAgricula (idOperacao, dataOperacao, idParcela, idCultura, idTipoOperacao, quantidade, idUnidade)  values (211 , TO_DATE('10/07/2017', 'DD/MM/YYYY'), 104, 24, 2, 3, 2);
INSERT INTO operacaoAgricula (idOperacao, dataOperacao, idParcela, idCultura, idTipoOperacao, quantidade, idUnidade)  values (9 , TO_DATE('10/08/2017', 'DD/MM/YYYY'), 102, 12, 2, 0.4, 2);
INSERT INTO operacaoAgricula (idOperacao, dataOperacao, idParcela, idCultura, idTipoOperacao, quantidade, idUnidade)  values (10 , TO_DATE('10/08/2017', 'DD/MM/YYYY'), 102, 11, 2, 0.9, 2);
INSERT INTO operacaoAgricula (idOperacao, dataOperacao, idParcela, idCultura, idTipoOperacao, quantidade, idUnidade)  values (212 , TO_DATE('10/08/2017', 'DD/MM/YYYY'), 104, 22, 2, 3.5, 2);
INSERT INTO operacaoAgricula (idOperacao, dataOperacao, idParcela, idCultura, idTipoOperacao, quantidade, idUnidade)  values (213 , TO_DATE('10/08/2017', 'DD/MM/YYYY'), 104, 23, 2, 3.5, 2);
INSERT INTO operacaoAgricula (idOperacao, dataOperacao, idParcela, idCultura, idTipoOperacao, quantidade, idUnidade)  values (214 , TO_DATE('10/08/2017', 'DD/MM/YYYY'), 104, 24, 2, 3.5, 2);
INSERT INTO operacaoAgricula (idOperacao, dataOperacao, idParcela, idCultura, idTipoOperacao, quantidade, idUnidade)  values (215 , TO_DATE('10/09/2017', 'DD/MM/YYYY'), 104, 22, 2, 3, 2);
INSERT INTO operacaoAgricula (idOperacao, dataOperacao, idParcela, idCultura, idTipoOperacao, quantidade, idUnidade)  values (216 , TO_DATE('10/09/2017', 'DD/MM/YYYY'), 104, 23, 2, 3, 2);
INSERT INTO operacaoAgricula (idOperacao, dataOperacao, idParcela, idCultura, idTipoOperacao, quantidade, idUnidade)  values (217 , TO_DATE('10/09/2017', 'DD/MM/YYYY'), 104, 24, 2, 3, 2);
INSERT INTO operacaoAgricula (idOperacao, dataOperacao, idParcela, idCultura, idTipoOperacao, quantidade, idUnidade)  values (13 , TO_DATE('04/11/2017', 'DD/MM/YYYY'), 102, 11, 3, 30, 1);
INSERT INTO operacaoAgricula (idOperacao, dataOperacao, idParcela, idCultura, idTipoOperacao, quantidade, idUnidade)  values (14 , TO_DATE('04/11/2017', 'DD/MM/YYYY'), 102, 12, 3, 20, 1);
INSERT INTO operacaoAgricula (idOperacao, dataOperacao, idParcela, idCultura, idTipoOperacao, quantidade, idUnidade)  values (15 , TO_DATE('10/12/2017', 'DD/MM/YYYY'), 102, 11, 4, 15, 3);
INSERT INTO operacaoAgricula (idOperacao, dataOperacao, idParcela, idCultura, idTipoOperacao, quantidade, idUnidade)  values (16 , TO_DATE('10/12/2017', 'DD/MM/YYYY'), 102, 12, 4, 10, 3);
INSERT INTO operacaoAgricula (idOperacao, dataOperacao, idParcela, idCultura, idTipoOperacao, quantidade, idUnidade)  values (17 , TO_DATE('07/01/2018', 'DD/MM/YYYY'), 104, 22, 3, 90, 1);
INSERT INTO operacaoAgricula (idOperacao, dataOperacao, idParcela, idCultura, idTipoOperacao, quantidade, idUnidade)  values (18 , TO_DATE('08/01/2018', 'DD/MM/YYYY'), 104, 23, 3, 60, 1);
INSERT INTO operacaoAgricula (idOperacao, dataOperacao, idParcela, idCultura, idTipoOperacao, quantidade, idUnidade)  values (19 , TO_DATE('08/01/2018', 'DD/MM/YYYY'), 104, 24, 3, 40, 1);
INSERT INTO operacaoAgricula (idOperacao, dataOperacao, idParcela, idCultura, idTipoOperacao, quantidade, idUnidade)  values (20 , TO_DATE('10/01/2018', 'DD/MM/YYYY'), 107, 26, 1, 500, 1);
INSERT INTO operacaoAgricula (idOperacao, dataOperacao, idParcela, idCultura, idTipoOperacao, quantidade, idUnidade)  values (21 , TO_DATE('11/01/2018', 'DD/MM/YYYY'), 107, 27, 1, 700, 1);
INSERT INTO operacaoAgricula (idOperacao, dataOperacao, idParcela, idCultura, idTipoOperacao, quantidade, idUnidade)  values (22 , TO_DATE('06/02/2018', 'DD/MM/YYYY'), 104, 22, 4, 10, 3);
INSERT INTO operacaoAgricula (idOperacao, dataOperacao, idParcela, idCultura, idTipoOperacao, quantidade, idUnidade)  values (23 , TO_DATE('06/02/2018', 'DD/MM/YYYY'), 104, 23, 4, 6, 3);
INSERT INTO operacaoAgricula (idOperacao, dataOperacao, idParcela, idCultura, idTipoOperacao, quantidade, idUnidade)  values (24 , TO_DATE('06/02/2018', 'DD/MM/YYYY'), 104, 24, 4, 5, 3);
INSERT INTO operacaoAgricula (idOperacao, dataOperacao, idParcela, idCultura, idTipoOperacao, quantidade, idUnidade)  values (25 , TO_DATE('03/07/2018', 'DD/MM/YYYY'), 102, 12, 2, 1, 2);
INSERT INTO operacaoAgricula (idOperacao, dataOperacao, idParcela, idCultura, idTipoOperacao, quantidade, idUnidade)  values (26 , TO_DATE('03/07/2018', 'DD/MM/YYYY'), 102, 11, 2, 1.5, 2);
INSERT INTO operacaoAgricula (idOperacao, dataOperacao, idParcela, idCultura, idTipoOperacao, quantidade, idUnidade)  values (218 , TO_DATE('10/07/2018', 'DD/MM/YYYY'), 104, 22, 2, 3.5, 2);
INSERT INTO operacaoAgricula (idOperacao, dataOperacao, idParcela, idCultura, idTipoOperacao, quantidade, idUnidade)  values (219 , TO_DATE('10/07/2018', 'DD/MM/YYYY'), 104, 23, 2, 3.5, 2);
INSERT INTO operacaoAgricula (idOperacao, dataOperacao, idParcela, idCultura, idTipoOperacao, quantidade, idUnidade)  values (220 , TO_DATE('10/07/2018', 'DD/MM/YYYY'), 104, 24, 2, 3.5, 2);
INSERT INTO operacaoAgricula (idOperacao, dataOperacao, idParcela, idCultura, idTipoOperacao, quantidade, idUnidade)  values (221 , TO_DATE('10/07/2018', 'DD/MM/YYYY'), 107, 26, 2, 6, 2);
INSERT INTO operacaoAgricula (idOperacao, dataOperacao, idParcela, idCultura, idTipoOperacao, quantidade, idUnidade)  values (222 , TO_DATE('10/07/2018', 'DD/MM/YYYY'), 107, 27, 2, 6, 2);
INSERT INTO operacaoAgricula (idOperacao, dataOperacao, idParcela, idCultura, idTipoOperacao, quantidade, idUnidade)  values (29 , TO_DATE('10/08/2018', 'DD/MM/YYYY'), 102, 12, 2, 1, 2);
INSERT INTO operacaoAgricula (idOperacao, dataOperacao, idParcela, idCultura, idTipoOperacao, quantidade, idUnidade)  values (30 , TO_DATE('10/08/2018', 'DD/MM/YYYY'), 102, 11, 2, 1.5, 2);
INSERT INTO operacaoAgricula (idOperacao, dataOperacao, idParcela, idCultura, idTipoOperacao, quantidade, idUnidade)  values (223 , TO_DATE('10/08/2018', 'DD/MM/YYYY'), 104, 22, 2, 4, 2);
INSERT INTO operacaoAgricula (idOperacao, dataOperacao, idParcela, idCultura, idTipoOperacao, quantidade, idUnidade)  values (224 , TO_DATE('10/08/2018', 'DD/MM/YYYY'), 104, 23, 2, 4, 2);
INSERT INTO operacaoAgricula (idOperacao, dataOperacao, idParcela, idCultura, idTipoOperacao, quantidade, idUnidade)  values (225 , TO_DATE('10/08/2018', 'DD/MM/YYYY'), 104, 24, 2, 4, 2);
INSERT INTO operacaoAgricula (idOperacao, dataOperacao, idParcela, idCultura, idTipoOperacao, quantidade, idUnidade)  values (226 , TO_DATE('11/08/2018', 'DD/MM/YYYY'), 107, 26, 2, 7, 2);
INSERT INTO operacaoAgricula (idOperacao, dataOperacao, idParcela, idCultura, idTipoOperacao, quantidade, idUnidade)  values (227 , TO_DATE('11/08/2018', 'DD/MM/YYYY'), 107, 27, 2, 7, 2);
INSERT INTO operacaoAgricula (idOperacao, dataOperacao, idParcela, idCultura, idTipoOperacao, quantidade, idUnidade)  values (228 , TO_DATE('02/09/2018', 'DD/MM/YYYY'), 104, 22, 2, 4, 2);
INSERT INTO operacaoAgricula (idOperacao, dataOperacao, idParcela, idCultura, idTipoOperacao, quantidade, idUnidade)  values (229 , TO_DATE('02/09/2018', 'DD/MM/YYYY'), 104, 23, 2, 4, 2);
INSERT INTO operacaoAgricula (idOperacao, dataOperacao, idParcela, idCultura, idTipoOperacao, quantidade, idUnidade)  values (230 , TO_DATE('02/09/2018', 'DD/MM/YYYY'), 104, 24, 2, 4, 2);
INSERT INTO operacaoAgricula (idOperacao, dataOperacao, idParcela, idCultura, idTipoOperacao, quantidade, idUnidade)  values (231 , TO_DATE('10/09/2018', 'DD/MM/YYYY'), 104, 22, 2, 4, 2);
INSERT INTO operacaoAgricula (idOperacao, dataOperacao, idParcela, idCultura, idTipoOperacao, quantidade, idUnidade)  values (232 , TO_DATE('10/09/2018', 'DD/MM/YYYY'), 104, 23, 2, 4, 2);
INSERT INTO operacaoAgricula (idOperacao, dataOperacao, idParcela, idCultura, idTipoOperacao, quantidade, idUnidade)  values (233 , TO_DATE('10/09/2018', 'DD/MM/YYYY'), 104, 24, 2, 4, 2);
INSERT INTO operacaoAgricula (idOperacao, dataOperacao, idParcela, idCultura, idTipoOperacao, quantidade, idUnidade)  values (35 , TO_DATE('17/11/2018', 'DD/MM/YYYY'), 102, 11, 3, 30, 1);
INSERT INTO operacaoAgricula (idOperacao, dataOperacao, idParcela, idCultura, idTipoOperacao, quantidade, idUnidade)  values (36 , TO_DATE('17/11/2018', 'DD/MM/YYYY'), 102, 12, 3, 20, 1);
INSERT INTO operacaoAgricula (idOperacao, dataOperacao, idParcela, idCultura, idTipoOperacao, quantidade, idUnidade)  values (37 , TO_DATE('10/12/2018', 'DD/MM/YYYY'), 104, 25, 1, 30, 1);
INSERT INTO operacaoAgricula (idOperacao, dataOperacao, idParcela, idCultura, idTipoOperacao, quantidade, idUnidade)  values (38 , TO_DATE('16/12/2018', 'DD/MM/YYYY'), 107, 26, 3, 500, 1);
INSERT INTO operacaoAgricula (idOperacao, dataOperacao, idParcela, idCultura, idTipoOperacao, quantidade, idUnidade)  values (39 , TO_DATE('18/12/2018', 'DD/MM/YYYY'), 107, 27, 3, 700, 1);
INSERT INTO operacaoAgricula (idOperacao, dataOperacao, idParcela, idCultura, idTipoOperacao, quantidade, idUnidade)  values (40 , TO_DATE('07/01/2019', 'DD/MM/YYYY'), 104, 22, 3, 90, 1);
INSERT INTO operacaoAgricula (idOperacao, dataOperacao, idParcela, idCultura, idTipoOperacao, quantidade, idUnidade)  values (41 , TO_DATE('08/01/2019', 'DD/MM/YYYY'), 104, 23, 3, 60, 1);
INSERT INTO operacaoAgricula (idOperacao, dataOperacao, idParcela, idCultura, idTipoOperacao, quantidade, idUnidade)  values (42 , TO_DATE('08/01/2019', 'DD/MM/YYYY'), 104, 24, 3, 40, 1);
INSERT INTO operacaoAgricula (idOperacao, dataOperacao, idParcela, idCultura, idTipoOperacao, quantidade, idUnidade)  values (43 , TO_DATE('20/01/2019', 'DD/MM/YYYY'), 107, 26, 5, 2, 3);
INSERT INTO operacaoAgricula (idOperacao, dataOperacao, idParcela, idCultura, idTipoOperacao, quantidade, idUnidade)  values (44 , TO_DATE('20/01/2019', 'DD/MM/YYYY'), 107, 27, 5, 2.5, 3);
INSERT INTO operacaoAgricula (idOperacao, dataOperacao, idParcela, idCultura, idTipoOperacao, quantidade, idUnidade)  values (45 , TO_DATE('06/02/2019', 'DD/MM/YYYY'), 104, 22, 4, 10, 3);
INSERT INTO operacaoAgricula (idOperacao, dataOperacao, idParcela, idCultura, idTipoOperacao, quantidade, idUnidade)  values (46 , TO_DATE('06/02/2019', 'DD/MM/YYYY'), 104, 23, 4, 5, 3);
INSERT INTO operacaoAgricula (idOperacao, dataOperacao, idParcela, idCultura, idTipoOperacao, quantidade, idUnidade)  values (47 , TO_DATE('06/02/2019', 'DD/MM/YYYY'), 104, 25, 4, 7, 3);
INSERT INTO operacaoAgricula (idOperacao, dataOperacao, idParcela, idCultura, idTipoOperacao, quantidade, idUnidade)  values (48 , TO_DATE('03/07/2019', 'DD/MM/YYYY'), 102, 12, 2, 1, 2);
INSERT INTO operacaoAgricula (idOperacao, dataOperacao, idParcela, idCultura, idTipoOperacao, quantidade, idUnidade)  values (49 , TO_DATE('03/07/2019', 'DD/MM/YYYY'), 102, 11, 2, 1.5, 2);
INSERT INTO operacaoAgricula (idOperacao, dataOperacao, idParcela, idCultura, idTipoOperacao, quantidade, idUnidade)  values (234 , TO_DATE('03/07/2019', 'DD/MM/YYYY'), 104, 22, 2, 4, 2);
INSERT INTO operacaoAgricula (idOperacao, dataOperacao, idParcela, idCultura, idTipoOperacao, quantidade, idUnidade)  values (235 , TO_DATE('03/07/2019', 'DD/MM/YYYY'), 104, 23, 2, 4, 2);
INSERT INTO operacaoAgricula (idOperacao, dataOperacao, idParcela, idCultura, idTipoOperacao, quantidade, idUnidade)  values (236 , TO_DATE('03/07/2019', 'DD/MM/YYYY'), 104, 24, 2, 4, 2);
INSERT INTO operacaoAgricula (idOperacao, dataOperacao, idParcela, idCultura, idTipoOperacao, quantidade, idUnidade)  values (237 , TO_DATE('03/07/2019', 'DD/MM/YYYY'), 104, 25, 2, 4, 2);
INSERT INTO operacaoAgricula (idOperacao, dataOperacao, idParcela, idCultura, idTipoOperacao, quantidade, idUnidade)  values (238 , TO_DATE('10/07/2019', 'DD/MM/YYYY'), 107, 26, 2, 6, 2);
INSERT INTO operacaoAgricula (idOperacao, dataOperacao, idParcela, idCultura, idTipoOperacao, quantidade, idUnidade)  values (239 , TO_DATE('10/07/2019', 'DD/MM/YYYY'), 107, 27, 2, 6, 2);
INSERT INTO operacaoAgricula (idOperacao, dataOperacao, idParcela, idCultura, idTipoOperacao, quantidade, idUnidade)  values (52 , TO_DATE('10/08/2019', 'DD/MM/YYYY'), 102, 12, 2, 1, 2);
INSERT INTO operacaoAgricula (idOperacao, dataOperacao, idParcela, idCultura, idTipoOperacao, quantidade, idUnidade)  values (53 , TO_DATE('10/08/2019', 'DD/MM/YYYY'), 102, 11, 2, 1.5, 2);
INSERT INTO operacaoAgricula (idOperacao, dataOperacao, idParcela, idCultura, idTipoOperacao, quantidade, idUnidade)  values (240 , TO_DATE('10/08/2019', 'DD/MM/YYYY'), 104, 22, 2, 4.5, 2);
INSERT INTO operacaoAgricula (idOperacao, dataOperacao, idParcela, idCultura, idTipoOperacao, quantidade, idUnidade)  values (241 , TO_DATE('10/08/2019', 'DD/MM/YYYY'), 104, 23, 2, 4.5, 2);
INSERT INTO operacaoAgricula (idOperacao, dataOperacao, idParcela, idCultura, idTipoOperacao, quantidade, idUnidade)  values (242 , TO_DATE('10/08/2019', 'DD/MM/YYYY'), 104, 24, 2, 4.5, 2);
INSERT INTO operacaoAgricula (idOperacao, dataOperacao, idParcela, idCultura, idTipoOperacao, quantidade, idUnidade)  values (243 , TO_DATE('10/08/2019', 'DD/MM/YYYY'), 104, 25, 2, 4.5, 2);
INSERT INTO operacaoAgricula (idOperacao, dataOperacao, idParcela, idCultura, idTipoOperacao, quantidade, idUnidade)  values (244 , TO_DATE('11/08/2019', 'DD/MM/YYYY'), 107, 26, 2, 7, 2);
INSERT INTO operacaoAgricula (idOperacao, dataOperacao, idParcela, idCultura, idTipoOperacao, quantidade, idUnidade)  values (245 , TO_DATE('11/08/2019', 'DD/MM/YYYY'), 107, 27, 2, 7, 2);
INSERT INTO operacaoAgricula (idOperacao, dataOperacao, idParcela, idCultura, idTipoOperacao, quantidade, idUnidade)  values (56 , TO_DATE('15/11/2019', 'DD/MM/YYYY'), 102, 11, 3, 30, 1);
INSERT INTO operacaoAgricula (idOperacao, dataOperacao, idParcela, idCultura, idTipoOperacao, quantidade, idUnidade)  values (57 , TO_DATE('15/11/2019', 'DD/MM/YYYY'), 102, 12, 3, 20, 1);
INSERT INTO operacaoAgricula (idOperacao, dataOperacao, idParcela, idCultura, idTipoOperacao, quantidade, idUnidade)  values (58 , TO_DATE('16/12/2019', 'DD/MM/YYYY'), 107, 26, 3, 500, 1);
INSERT INTO operacaoAgricula (idOperacao, dataOperacao, idParcela, idCultura, idTipoOperacao, quantidade, idUnidade)  values (59 , TO_DATE('18/12/2019', 'DD/MM/YYYY'), 107, 27, 3, 700, 1);
INSERT INTO operacaoAgricula (idOperacao, dataOperacao, idParcela, idCultura, idTipoOperacao, quantidade, idUnidade)  values (60 , TO_DATE('20/01/2020', 'DD/MM/YYYY'), 107, 26, 5, 2, 3);
INSERT INTO operacaoAgricula (idOperacao, dataOperacao, idParcela, idCultura, idTipoOperacao, quantidade, idUnidade)  values (61 , TO_DATE('20/01/2020', 'DD/MM/YYYY'), 107, 27, 5, 2.5, 3);
INSERT INTO operacaoAgricula (idOperacao, dataOperacao, idParcela, idCultura, idTipoOperacao, quantidade, idUnidade)  values (62 , TO_DATE('12/03/2020', 'DD/MM/YYYY'), 106, 13, 6, 0.9, 3);
INSERT INTO operacaoAgricula (idOperacao, dataOperacao, idParcela, idCultura, idTipoOperacao, quantidade, idUnidade)  values (63 , TO_DATE('30/03/2020', 'DD/MM/YYYY'), 103, NULL , 4, 600, 3);
INSERT INTO operacaoAgricula (idOperacao, dataOperacao, idParcela, idCultura, idTipoOperacao, quantidade, idUnidade)  values (64 , TO_DATE('05/04/2020', 'DD/MM/YYYY'), 103, 5, 6, 1.2, 4);
INSERT INTO operacaoAgricula (idOperacao, dataOperacao, idParcela, idCultura, idTipoOperacao, quantidade, idUnidade)  values (65 , TO_DATE('05/05/2020', 'DD/MM/YYYY'), 106, 13, 7, 2200, 3);
INSERT INTO operacaoAgricula (idOperacao, dataOperacao, idParcela, idCultura, idTipoOperacao, quantidade, idUnidade)  values (66 , TO_DATE('15/05/2020', 'DD/MM/YYYY'), 106, 13, 7, 1400, 3);
INSERT INTO operacaoAgricula (idOperacao, dataOperacao, idParcela, idCultura, idTipoOperacao, quantidade, idUnidade)  values (67 , TO_DATE('02/06/2020', 'DD/MM/YYYY'), 106, 14, 6, 0.6, 3);
INSERT INTO operacaoAgricula (idOperacao, dataOperacao, idParcela, idCultura, idTipoOperacao, quantidade, idUnidade)  values (68 , TO_DATE('03/07/2020', 'DD/MM/YYYY'), 102, 12, 2, 1, 2);
INSERT INTO operacaoAgricula (idOperacao, dataOperacao, idParcela, idCultura, idTipoOperacao, quantidade, idUnidade)  values (69 , TO_DATE('03/07/2020', 'DD/MM/YYYY'), 102, 11, 2, 1.5, 2);
INSERT INTO operacaoAgricula (idOperacao, dataOperacao, idParcela, idCultura, idTipoOperacao, quantidade, idUnidade)  values (246 , TO_DATE('10/07/2020', 'DD/MM/YYYY'), 107, 26, 2, 6, 2);
INSERT INTO operacaoAgricula (idOperacao, dataOperacao, idParcela, idCultura, idTipoOperacao, quantidade, idUnidade)  values (247 , TO_DATE('10/07/2020', 'DD/MM/YYYY'), 107, 27, 2, 6, 2);
INSERT INTO operacaoAgricula (idOperacao, dataOperacao, idParcela, idCultura, idTipoOperacao, quantidade, idUnidade)  values (71 , TO_DATE('12/07/2020', 'DD/MM/YYYY'), 103, 5, 2, 15, 2);
INSERT INTO operacaoAgricula (idOperacao, dataOperacao, idParcela, idCultura, idTipoOperacao, quantidade, idUnidade)  values (72 , TO_DATE('15/07/2020', 'DD/MM/YYYY'), 106, 14, 2, 2.5, 2);
INSERT INTO operacaoAgricula (idOperacao, dataOperacao, idParcela, idCultura, idTipoOperacao, quantidade, idUnidade)  values (73 , TO_DATE('28/07/2020', 'DD/MM/YYYY'), 103, 5, 2, 15, 2);
INSERT INTO operacaoAgricula (idOperacao, dataOperacao, idParcela, idCultura, idTipoOperacao, quantidade, idUnidade)  values (74 , TO_DATE('10/08/2020', 'DD/MM/YYYY'), 102, 12, 2, 1, 2);
INSERT INTO operacaoAgricula (idOperacao, dataOperacao, idParcela, idCultura, idTipoOperacao, quantidade, idUnidade)  values (75 , TO_DATE('10/08/2020', 'DD/MM/YYYY'), 102, 11, 2, 1.5, 2);
INSERT INTO operacaoAgricula (idOperacao, dataOperacao, idParcela, idCultura, idTipoOperacao, quantidade, idUnidade)  values (76 , TO_DATE('10/08/2020', 'DD/MM/YYYY'), 103, 5, 2, 15, 2);
INSERT INTO operacaoAgricula (idOperacao, dataOperacao, idParcela, idCultura, idTipoOperacao, quantidade, idUnidade)  values (248 , TO_DATE('11/08/2020', 'DD/MM/YYYY'), 107, 26, 2, 7, 2);
INSERT INTO operacaoAgricula (idOperacao, dataOperacao, idParcela, idCultura, idTipoOperacao, quantidade, idUnidade)  values (249 , TO_DATE('11/08/2020', 'DD/MM/YYYY'), 107, 27, 2, 7, 2);
INSERT INTO operacaoAgricula (idOperacao, dataOperacao, idParcela, idCultura, idTipoOperacao, quantidade, idUnidade)  values (78 , TO_DATE('12/08/2020', 'DD/MM/YYYY'), 106, 14, 2, 3.5, 2);
INSERT INTO operacaoAgricula (idOperacao, dataOperacao, idParcela, idCultura, idTipoOperacao, quantidade, idUnidade)  values (79 , TO_DATE('20/08/2020', 'DD/MM/YYYY'), 103, 5, 7, 3300, 3);
INSERT INTO operacaoAgricula (idOperacao, dataOperacao, idParcela, idCultura, idTipoOperacao, quantidade, idUnidade)  values (80 , TO_DATE('28/08/2020', 'DD/MM/YYYY'), 106, 14, 7, 600, 3);
INSERT INTO operacaoAgricula (idOperacao, dataOperacao, idParcela, idCultura, idTipoOperacao, quantidade, idUnidade)  values (81 , TO_DATE('07/09/2020', 'DD/MM/YYYY'), 106, 14, 7, 1800, 3);
INSERT INTO operacaoAgricula (idOperacao, dataOperacao, idParcela, idCultura, idTipoOperacao, quantidade, idUnidade)  values (82 , TO_DATE('20/09/2020', 'DD/MM/YYYY'), 106, 15, 6, 0.6, 3);
INSERT INTO operacaoAgricula (idOperacao, dataOperacao, idParcela, idCultura, idTipoOperacao, quantidade, idUnidade)  values (83 , TO_DATE('10/10/2020', 'DD/MM/YYYY'), 101, 1, 6, 36, 3);
INSERT INTO operacaoAgricula (idOperacao, dataOperacao, idParcela, idCultura, idTipoOperacao, quantidade, idUnidade)  values (84 , TO_DATE('12/10/2020', 'DD/MM/YYYY'), 103, 6, 6, 1.3, 4);
INSERT INTO operacaoAgricula (idOperacao, dataOperacao, idParcela, idCultura, idTipoOperacao, quantidade, idUnidade)  values (85 , TO_DATE('10/11/2020', 'DD/MM/YYYY'), 102, 11, 3, 30, 1);
INSERT INTO operacaoAgricula (idOperacao, dataOperacao, idParcela, idCultura, idTipoOperacao, quantidade, idUnidade)  values (86 , TO_DATE('10/11/2020', 'DD/MM/YYYY'), 102, 12, 3, 20, 1);
INSERT INTO operacaoAgricula (idOperacao, dataOperacao, idParcela, idCultura, idTipoOperacao, quantidade, idUnidade)  values (87 , TO_DATE('15/11/2020', 'DD/MM/YYYY'), 106, 15, 7, 600, 3);
INSERT INTO operacaoAgricula (idOperacao, dataOperacao, idParcela, idCultura, idTipoOperacao, quantidade, idUnidade)  values (88 , TO_DATE('05/12/2020', 'DD/MM/YYYY'), 104, 25, 3, 70, 1);
INSERT INTO operacaoAgricula (idOperacao, dataOperacao, idParcela, idCultura, idTipoOperacao, quantidade, idUnidade)  values (89 , TO_DATE('05/12/2020', 'DD/MM/YYYY'), 104, 22, 3, 50, 1);
INSERT INTO operacaoAgricula (idOperacao, dataOperacao, idParcela, idCultura, idTipoOperacao, quantidade, idUnidade)  values (90 , TO_DATE('10/12/2020', 'DD/MM/YYYY'), 102, 11, 4, 10, 3);
INSERT INTO operacaoAgricula (idOperacao, dataOperacao, idParcela, idCultura, idTipoOperacao, quantidade, idUnidade)  values (91 , TO_DATE('10/12/2020', 'DD/MM/YYYY'), 102, 12, 4, 7, 3);
INSERT INTO operacaoAgricula (idOperacao, dataOperacao, idParcela, idCultura, idTipoOperacao, quantidade, idUnidade)  values (92 , TO_DATE('15/12/2020', 'DD/MM/YYYY'), 104, 22, 3, 40, 1);
INSERT INTO operacaoAgricula (idOperacao, dataOperacao, idParcela, idCultura, idTipoOperacao, quantidade, idUnidade)  values (93 , TO_DATE('15/12/2020', 'DD/MM/YYYY'), 104, 23, 3, 60, 1);
INSERT INTO operacaoAgricula (idOperacao, dataOperacao, idParcela, idCultura, idTipoOperacao, quantidade, idUnidade)  values (94 , TO_DATE('16/12/2020', 'DD/MM/YYYY'), 107, 26, 3, 500, 1);
INSERT INTO operacaoAgricula (idOperacao, dataOperacao, idParcela, idCultura, idTipoOperacao, quantidade, idUnidade)  values (95 , TO_DATE('18/12/2020', 'DD/MM/YYYY'), 106, 15, 7, 2500, 3);
INSERT INTO operacaoAgricula (idOperacao, dataOperacao, idParcela, idCultura, idTipoOperacao, quantidade, idUnidade)  values (96 , TO_DATE('18/12/2020', 'DD/MM/YYYY'), 107, 27, 3, 700, 1);
INSERT INTO operacaoAgricula (idOperacao, dataOperacao, idParcela, idCultura, idTipoOperacao, quantidade, idUnidade)  values (97 , TO_DATE('04/01/2021', 'DD/MM/YYYY'), 106, 15, 7, 2900, 3);
INSERT INTO operacaoAgricula (idOperacao, dataOperacao, idParcela, idCultura, idTipoOperacao, quantidade, idUnidade)  values (98 , TO_DATE('20/01/2021', 'DD/MM/YYYY'), 107, 26, 5, 2, 3);
INSERT INTO operacaoAgricula (idOperacao, dataOperacao, idParcela, idCultura, idTipoOperacao, quantidade, idUnidade)  values (99 , TO_DATE('20/01/2021', 'DD/MM/YYYY'), 107, 27, 5, 2.5, 3);
INSERT INTO operacaoAgricula (idOperacao, dataOperacao, idParcela, idCultura, idTipoOperacao, quantidade, idUnidade)  values (100 , TO_DATE('10/03/2021', 'DD/MM/YYYY'), 106, 16, 6, 0.9, 3);
INSERT INTO operacaoAgricula (idOperacao, dataOperacao, idParcela, idCultura, idTipoOperacao, quantidade, idUnidade)  values (101 , TO_DATE('14/03/2021', 'DD/MM/YYYY'), 103, 6, 8, 1.3, 4);
INSERT INTO operacaoAgricula (idOperacao, dataOperacao, idParcela, idCultura, idTipoOperacao, quantidade, idUnidade)  values (102 , TO_DATE('30/03/2021', 'DD/MM/YYYY'), 101, 1, 8, 1.3, 4);
INSERT INTO operacaoAgricula (idOperacao, dataOperacao, idParcela, idCultura, idTipoOperacao, quantidade, idUnidade)  values (103 , TO_DATE('03/04/2021', 'DD/MM/YYYY'), 103, 7, 6, 1.2, 4);
INSERT INTO operacaoAgricula (idOperacao, dataOperacao, idParcela, idCultura, idTipoOperacao, quantidade, idUnidade)  values (104 , TO_DATE('15/04/2021', 'DD/MM/YYYY'), 101, 2, 6, 30, 3);
INSERT INTO operacaoAgricula (idOperacao, dataOperacao, idParcela, idCultura, idTipoOperacao, quantidade, idUnidade)  values (250 , TO_DATE('02/05/2021', 'DD/MM/YYYY'), 104, 22, 4, 10, 3);
INSERT INTO operacaoAgricula (idOperacao, dataOperacao, idParcela, idCultura, idTipoOperacao, quantidade, idUnidade)  values (251 , TO_DATE('02/05/2021', 'DD/MM/YYYY'), 104, 23, 4, 10, 3);
INSERT INTO operacaoAgricula (idOperacao, dataOperacao, idParcela, idCultura, idTipoOperacao, quantidade, idUnidade)  values (252 , TO_DATE('02/05/2021', 'DD/MM/YYYY'), 104, 24, 4, 10, 3);
INSERT INTO operacaoAgricula (idOperacao, dataOperacao, idParcela, idCultura, idTipoOperacao, quantidade, idUnidade)  values (253 , TO_DATE('02/05/2021', 'DD/MM/YYYY'), 104, 25, 4, 10, 3);
INSERT INTO operacaoAgricula (idOperacao, dataOperacao, idParcela, idCultura, idTipoOperacao, quantidade, idUnidade)  values (106 , TO_DATE('05/05/2021', 'DD/MM/YYYY'), 106, 16, 7, 2200, 3);
INSERT INTO operacaoAgricula (idOperacao, dataOperacao, idParcela, idCultura, idTipoOperacao, quantidade, idUnidade)  values (107 , TO_DATE('15/05/2021', 'DD/MM/YYYY'), 106, 16, 7, 1400, 3);
INSERT INTO operacaoAgricula (idOperacao, dataOperacao, idParcela, idCultura, idTipoOperacao, quantidade, idUnidade)  values (108 , TO_DATE('02/06/2021', 'DD/MM/YYYY'), 106, 17, 6, 0.6, 3);
INSERT INTO operacaoAgricula (idOperacao, dataOperacao, idParcela, idCultura, idTipoOperacao, quantidade, idUnidade)  values (109 , TO_DATE('20/06/2021', 'DD/MM/YYYY'), 106, 17, 2, 3, 2);
INSERT INTO operacaoAgricula (idOperacao, dataOperacao, idParcela, idCultura, idTipoOperacao, quantidade, idUnidade)  values (110 , TO_DATE('03/07/2021', 'DD/MM/YYYY'), 102, 12, 2, 0.8, 2);
INSERT INTO operacaoAgricula (idOperacao, dataOperacao, idParcela, idCultura, idTipoOperacao, quantidade, idUnidade)  values (111 , TO_DATE('03/07/2021', 'DD/MM/YYYY'), 102, 11, 2, 1.5, 2);
INSERT INTO operacaoAgricula (idOperacao, dataOperacao, idParcela, idCultura, idTipoOperacao, quantidade, idUnidade)  values (254 , TO_DATE('05/07/2021', 'DD/MM/YYYY'), 104, 22, 2, 5, 2);
INSERT INTO operacaoAgricula (idOperacao, dataOperacao, idParcela, idCultura, idTipoOperacao, quantidade, idUnidade)  values (255 , TO_DATE('05/07/2021', 'DD/MM/YYYY'), 104, 23, 2, 5, 2);
INSERT INTO operacaoAgricula (idOperacao, dataOperacao, idParcela, idCultura, idTipoOperacao, quantidade, idUnidade)  values (256 , TO_DATE('05/07/2021', 'DD/MM/YYYY'), 104, 24, 2, 5, 2);
INSERT INTO operacaoAgricula (idOperacao, dataOperacao, idParcela, idCultura, idTipoOperacao, quantidade, idUnidade)  values (257 , TO_DATE('05/07/2021', 'DD/MM/YYYY'), 104, 25, 2, 5, 2);
INSERT INTO operacaoAgricula (idOperacao, dataOperacao, idParcela, idCultura, idTipoOperacao, quantidade, idUnidade)  values (113 , TO_DATE('07/07/2021', 'DD/MM/YYYY'), 106, 17, 2, 3, 2);
INSERT INTO operacaoAgricula (idOperacao, dataOperacao, idParcela, idCultura, idTipoOperacao, quantidade, idUnidade)  values (258 , TO_DATE('10/07/2021', 'DD/MM/YYYY'), 107, 26, 2, 7, 2);
INSERT INTO operacaoAgricula (idOperacao, dataOperacao, idParcela, idCultura, idTipoOperacao, quantidade, idUnidade)  values (259 , TO_DATE('10/07/2021', 'DD/MM/YYYY'), 107, 27, 2, 7, 2);
INSERT INTO operacaoAgricula (idOperacao, dataOperacao, idParcela, idCultura, idTipoOperacao, quantidade, idUnidade)  values (115 , TO_DATE('12/07/2021', 'DD/MM/YYYY'), 103, 7, 2, 15, 2);
INSERT INTO operacaoAgricula (idOperacao, dataOperacao, idParcela, idCultura, idTipoOperacao, quantidade, idUnidade)  values (116 , TO_DATE('15/07/2021', 'DD/MM/YYYY'), 107, 26, 7, 300, 3);
INSERT INTO operacaoAgricula (idOperacao, dataOperacao, idParcela, idCultura, idTipoOperacao, quantidade, idUnidade)  values (117 , TO_DATE('20/07/2021', 'DD/MM/YYYY'), 107, 26, 7, 400, 3);
INSERT INTO operacaoAgricula (idOperacao, dataOperacao, idParcela, idCultura, idTipoOperacao, quantidade, idUnidade)  values (118 , TO_DATE('24/07/2021', 'DD/MM/YYYY'), 103, 7, 2, 15, 2);
INSERT INTO operacaoAgricula (idOperacao, dataOperacao, idParcela, idCultura, idTipoOperacao, quantidade, idUnidade)  values (260 , TO_DATE('30/07/2021', 'DD/MM/YYYY'), 104, 22, 2, 5.5, 2);
INSERT INTO operacaoAgricula (idOperacao, dataOperacao, idParcela, idCultura, idTipoOperacao, quantidade, idUnidade)  values (261 , TO_DATE('30/07/2021', 'DD/MM/YYYY'), 104, 23, 2, 5.5, 2);
INSERT INTO operacaoAgricula (idOperacao, dataOperacao, idParcela, idCultura, idTipoOperacao, quantidade, idUnidade)  values (262 , TO_DATE('30/07/2021', 'DD/MM/YYYY'), 104, 24, 2, 5.5, 2);
INSERT INTO operacaoAgricula (idOperacao, dataOperacao, idParcela, idCultura, idTipoOperacao, quantidade, idUnidade)  values (263 , TO_DATE('30/07/2021', 'DD/MM/YYYY'), 104, 25, 2, 5.5, 2);
INSERT INTO operacaoAgricula (idOperacao, dataOperacao, idParcela, idCultura, idTipoOperacao, quantidade, idUnidade)  values (120 , TO_DATE('30/07/2021', 'DD/MM/YYYY'), 106, 17, 2, 3.5, 2);
INSERT INTO operacaoAgricula (idOperacao, dataOperacao, idParcela, idCultura, idTipoOperacao, quantidade, idUnidade)  values (121 , TO_DATE('07/08/2021', 'DD/MM/YYYY'), 103, 7, 2, 15, 2);
INSERT INTO operacaoAgricula (idOperacao, dataOperacao, idParcela, idCultura, idTipoOperacao, quantidade, idUnidade)  values (122 , TO_DATE('10/08/2021', 'DD/MM/YYYY'), 102, 12, 2, 0.8, 2);
INSERT INTO operacaoAgricula (idOperacao, dataOperacao, idParcela, idCultura, idTipoOperacao, quantidade, idUnidade)  values (123 , TO_DATE('10/08/2021', 'DD/MM/YYYY'), 102, 11, 2, 1.5, 2);
INSERT INTO operacaoAgricula (idOperacao, dataOperacao, idParcela, idCultura, idTipoOperacao, quantidade, idUnidade)  values (124 , TO_DATE('12/08/2021', 'DD/MM/YYYY'), 101, 2, 7, 3300, 3);
INSERT INTO operacaoAgricula (idOperacao, dataOperacao, idParcela, idCultura, idTipoOperacao, quantidade, idUnidade)  values (125 , TO_DATE('17/08/2021', 'DD/MM/YYYY'), 106, 17, 2, 3, 2);
INSERT INTO operacaoAgricula (idOperacao, dataOperacao, idParcela, idCultura, idTipoOperacao, quantidade, idUnidade)  values (126 , TO_DATE('24/08/2021', 'DD/MM/YYYY'), 104, 24, 7, 900, 3);
INSERT INTO operacaoAgricula (idOperacao, dataOperacao, idParcela, idCultura, idTipoOperacao, quantidade, idUnidade)  values (127 , TO_DATE('25/08/2021', 'DD/MM/YYYY'), 103, 7, 7, 3300, 3);
INSERT INTO operacaoAgricula (idOperacao, dataOperacao, idParcela, idCultura, idTipoOperacao, quantidade, idUnidade)  values (128 , TO_DATE('28/08/2021', 'DD/MM/YYYY'), 106, 17, 7, 600, 3);
INSERT INTO operacaoAgricula (idOperacao, dataOperacao, idParcela, idCultura, idTipoOperacao, quantidade, idUnidade)  values (129 , TO_DATE('05/09/2021', 'DD/MM/YYYY'), 104, 25, 7, 800, 3);
INSERT INTO operacaoAgricula (idOperacao, dataOperacao, idParcela, idCultura, idTipoOperacao, quantidade, idUnidade)  values (130 , TO_DATE('07/09/2021', 'DD/MM/YYYY'), 106, 17, 7, 1800, 3);
INSERT INTO operacaoAgricula (idOperacao, dataOperacao, idParcela, idCultura, idTipoOperacao, quantidade, idUnidade)  values (131 , TO_DATE('12/09/2021', 'DD/MM/YYYY'), 104, 22, 7, 800, 3);
INSERT INTO operacaoAgricula (idOperacao, dataOperacao, idParcela, idCultura, idTipoOperacao, quantidade, idUnidade)  values (132 , TO_DATE('20/09/2021', 'DD/MM/YYYY'), 106, 18, 6, 0.6, 3);
INSERT INTO operacaoAgricula (idOperacao, dataOperacao, idParcela, idCultura, idTipoOperacao, quantidade, idUnidade)  values (133 , TO_DATE('23/09/2021', 'DD/MM/YYYY'), 104, 22, 7, 1200, 3);
INSERT INTO operacaoAgricula (idOperacao, dataOperacao, idParcela, idCultura, idTipoOperacao, quantidade, idUnidade)  values (134 , TO_DATE('03/10/2021', 'DD/MM/YYYY'), 101, 3, 6, 36, 4);
INSERT INTO operacaoAgricula (idOperacao, dataOperacao, idParcela, idCultura, idTipoOperacao, quantidade, idUnidade)  values (135 , TO_DATE('06/10/2021', 'DD/MM/YYYY'), 103, 8, 6, 1.3, 4);
INSERT INTO operacaoAgricula (idOperacao, dataOperacao, idParcela, idCultura, idTipoOperacao, quantidade, idUnidade)  values (136 , TO_DATE('12/10/2021', 'DD/MM/YYYY'), 104, 23, 7, 950, 3);
INSERT INTO operacaoAgricula (idOperacao, dataOperacao, idParcela, idCultura, idTipoOperacao, quantidade, idUnidade)  values (137 , TO_DATE('03/11/2021', 'DD/MM/YYYY'), 104, 23, 7, 750, 3);
INSERT INTO operacaoAgricula (idOperacao, dataOperacao, idParcela, idCultura, idTipoOperacao, quantidade, idUnidade)  values (138 , TO_DATE('10/11/2021', 'DD/MM/YYYY'), 102, 11, 7, 210, 3);
INSERT INTO operacaoAgricula (idOperacao, dataOperacao, idParcela, idCultura, idTipoOperacao, quantidade, idUnidade)  values (139 , TO_DATE('10/11/2021', 'DD/MM/YYYY'), 102, 12, 7, 120, 3);
INSERT INTO operacaoAgricula (idOperacao, dataOperacao, idParcela, idCultura, idTipoOperacao, quantidade, idUnidade)  values (140 , TO_DATE('15/11/2021', 'DD/MM/YYYY'), 106, 18, 7, 600, 3);
INSERT INTO operacaoAgricula (idOperacao, dataOperacao, idParcela, idCultura, idTipoOperacao, quantidade, idUnidade)  values (141 , TO_DATE('17/11/2021', 'DD/MM/YYYY'), 102, 11, 3, 30, 1);
INSERT INTO operacaoAgricula (idOperacao, dataOperacao, idParcela, idCultura, idTipoOperacao, quantidade, idUnidade)  values (142 , TO_DATE('17/11/2021', 'DD/MM/YYYY'), 102, 12, 3, 20, 1);
INSERT INTO operacaoAgricula (idOperacao, dataOperacao, idParcela, idCultura, idTipoOperacao, quantidade, idUnidade)  values (143 , TO_DATE('28/11/2021', 'DD/MM/YYYY'), 104, 24, 3, 70, 1);
INSERT INTO operacaoAgricula (idOperacao, dataOperacao, idParcela, idCultura, idTipoOperacao, quantidade, idUnidade)  values (144 , TO_DATE('03/12/2021', 'DD/MM/YYYY'), 104, 22, 3, 90, 1);
INSERT INTO operacaoAgricula (idOperacao, dataOperacao, idParcela, idCultura, idTipoOperacao, quantidade, idUnidade)  values (145 , TO_DATE('16/12/2021', 'DD/MM/YYYY'), 107, 26, 3, 500, 1);
INSERT INTO operacaoAgricula (idOperacao, dataOperacao, idParcela, idCultura, idTipoOperacao, quantidade, idUnidade)  values (146 , TO_DATE('18/12/2021', 'DD/MM/YYYY'), 104, 23, 3, 60, 1);
INSERT INTO operacaoAgricula (idOperacao, dataOperacao, idParcela, idCultura, idTipoOperacao, quantidade, idUnidade)  values (147 , TO_DATE('18/12/2021', 'DD/MM/YYYY'), 106, 18, 7, 2500, 3);
INSERT INTO operacaoAgricula (idOperacao, dataOperacao, idParcela, idCultura, idTipoOperacao, quantidade, idUnidade)  values (148 , TO_DATE('18/12/2021', 'DD/MM/YYYY'), 107, 27, 3, 700, 1);
INSERT INTO operacaoAgricula (idOperacao, dataOperacao, idParcela, idCultura, idTipoOperacao, quantidade, idUnidade)  values (149 , TO_DATE('04/01/2022', 'DD/MM/YYYY'), 106, 18, 7, 2900, 3);
INSERT INTO operacaoAgricula (idOperacao, dataOperacao, idParcela, idCultura, idTipoOperacao, quantidade, idUnidade)  values (150 , TO_DATE('20/01/2022', 'DD/MM/YYYY'), 107, 26, 5, 3, 3);
INSERT INTO operacaoAgricula (idOperacao, dataOperacao, idParcela, idCultura, idTipoOperacao, quantidade, idUnidade)  values (151 , TO_DATE('20/01/2022', 'DD/MM/YYYY'), 107, 27, 5, 3.5, 3);
INSERT INTO operacaoAgricula (idOperacao, dataOperacao, idParcela, idCultura, idTipoOperacao, quantidade, idUnidade)  values (152 , TO_DATE('06/03/2022', 'DD/MM/YYYY'), 106, 19, 6, 0.9, 3);
INSERT INTO operacaoAgricula (idOperacao, dataOperacao, idParcela, idCultura, idTipoOperacao, quantidade, idUnidade)  values (153 , TO_DATE('19/03/2022', 'DD/MM/YYYY'), 103, 8, 8, 1.3, 4);
INSERT INTO operacaoAgricula (idOperacao, dataOperacao, idParcela, idCultura, idTipoOperacao, quantidade, idUnidade)  values (154 , TO_DATE('05/04/2022', 'DD/MM/YYYY'), 101, 3, 8, 1.3, 4);
INSERT INTO operacaoAgricula (idOperacao, dataOperacao, idParcela, idCultura, idTipoOperacao, quantidade, idUnidade)  values (155 , TO_DATE('08/04/2022', 'DD/MM/YYYY'), 103, 9, 6, 1.2, 4);
INSERT INTO operacaoAgricula (idOperacao, dataOperacao, idParcela, idCultura, idTipoOperacao, quantidade, idUnidade)  values (156 , TO_DATE('15/04/2022', 'DD/MM/YYYY'), 101, 4, 6, 30, 3);
INSERT INTO operacaoAgricula (idOperacao, dataOperacao, idParcela, idCultura, idTipoOperacao, quantidade, idUnidade)  values (157 , TO_DATE('05/05/2022', 'DD/MM/YYYY'), 106, 19, 7, 2250, 3);
INSERT INTO operacaoAgricula (idOperacao, dataOperacao, idParcela, idCultura, idTipoOperacao, quantidade, idUnidade)  values (264 , TO_DATE('13/05/2022', 'DD/MM/YYYY'), 104, 22, 4, 10, 3);
INSERT INTO operacaoAgricula (idOperacao, dataOperacao, idParcela, idCultura, idTipoOperacao, quantidade, idUnidade)  values (265 , TO_DATE('13/05/2022', 'DD/MM/YYYY'), 104, 23, 4, 10, 3);
INSERT INTO operacaoAgricula (idOperacao, dataOperacao, idParcela, idCultura, idTipoOperacao, quantidade, idUnidade)  values (266 , TO_DATE('13/05/2022', 'DD/MM/YYYY'), 104, 24, 4, 10, 3);
INSERT INTO operacaoAgricula (idOperacao, dataOperacao, idParcela, idCultura, idTipoOperacao, quantidade, idUnidade)  values (267 , TO_DATE('13/05/2022', 'DD/MM/YYYY'), 104, 25, 4, 10, 3);
INSERT INTO operacaoAgricula (idOperacao, dataOperacao, idParcela, idCultura, idTipoOperacao, quantidade, idUnidade)  values (159 , TO_DATE('15/05/2022', 'DD/MM/YYYY'), 106, 19, 7, 1300, 3);
INSERT INTO operacaoAgricula (idOperacao, dataOperacao, idParcela, idCultura, idTipoOperacao, quantidade, idUnidade)  values (160 , TO_DATE('30/05/2022', 'DD/MM/YYYY'), 106, 20, 6, 0.6, 3);
INSERT INTO operacaoAgricula (idOperacao, dataOperacao, idParcela, idCultura, idTipoOperacao, quantidade, idUnidade)  values (268 , TO_DATE('05/06/2022', 'DD/MM/YYYY'), 104, 22, 2, 3, 2);
INSERT INTO operacaoAgricula (idOperacao, dataOperacao, idParcela, idCultura, idTipoOperacao, quantidade, idUnidade)  values (269 , TO_DATE('05/06/2022', 'DD/MM/YYYY'), 104, 23, 2, 3, 2);
INSERT INTO operacaoAgricula (idOperacao, dataOperacao, idParcela, idCultura, idTipoOperacao, quantidade, idUnidade)  values (270 , TO_DATE('05/06/2022', 'DD/MM/YYYY'), 104, 24, 2, 3, 2);
INSERT INTO operacaoAgricula (idOperacao, dataOperacao, idParcela, idCultura, idTipoOperacao, quantidade, idUnidade)  values (271 , TO_DATE('05/06/2022', 'DD/MM/YYYY'), 104, 25, 2, 3, 2);
INSERT INTO operacaoAgricula (idOperacao, dataOperacao, idParcela, idCultura, idTipoOperacao, quantidade, idUnidade)  values (162 , TO_DATE('30/06/2022', 'DD/MM/YYYY'), 106, 20, 2, 3, 2);
INSERT INTO operacaoAgricula (idOperacao, dataOperacao, idParcela, idCultura, idTipoOperacao, quantidade, idUnidade)  values (272 , TO_DATE('02/07/2022', 'DD/MM/YYYY'), 104, 22, 2, 5.5, 2);
INSERT INTO operacaoAgricula (idOperacao, dataOperacao, idParcela, idCultura, idTipoOperacao, quantidade, idUnidade)  values (273 , TO_DATE('02/07/2022', 'DD/MM/YYYY'), 104, 23, 2, 5.5, 2);
INSERT INTO operacaoAgricula (idOperacao, dataOperacao, idParcela, idCultura, idTipoOperacao, quantidade, idUnidade)  values (274 , TO_DATE('02/07/2022', 'DD/MM/YYYY'), 104, 24, 2, 5.5, 2);
INSERT INTO operacaoAgricula (idOperacao, dataOperacao, idParcela, idCultura, idTipoOperacao, quantidade, idUnidade)  values (275 , TO_DATE('02/07/2022', 'DD/MM/YYYY'), 104, 25, 2, 5.5, 2);
INSERT INTO operacaoAgricula (idOperacao, dataOperacao, idParcela, idCultura, idTipoOperacao, quantidade, idUnidade)  values (164 , TO_DATE('03/07/2022', 'DD/MM/YYYY'), 102, 12, 2, 0.8, 2);
INSERT INTO operacaoAgricula (idOperacao, dataOperacao, idParcela, idCultura, idTipoOperacao, quantidade, idUnidade)  values (165 , TO_DATE('03/07/2022', 'DD/MM/YYYY'), 102, 11, 2, 1.5, 2);
INSERT INTO operacaoAgricula (idOperacao, dataOperacao, idParcela, idCultura, idTipoOperacao, quantidade, idUnidade)  values (166 , TO_DATE('10/07/2022', 'DD/MM/YYYY'), 107, 27, 2, 5, 2);
INSERT INTO operacaoAgricula (idOperacao, dataOperacao, idParcela, idCultura, idTipoOperacao, quantidade, idUnidade)  values (167 , TO_DATE('12/07/2022', 'DD/MM/YYYY'), 103, 9, 2, 15, 2);
INSERT INTO operacaoAgricula (idOperacao, dataOperacao, idParcela, idCultura, idTipoOperacao, quantidade, idUnidade)  values (168 , TO_DATE('15/07/2022', 'DD/MM/YYYY'), 106, 20, 2, 3, 2);
INSERT INTO operacaoAgricula (idOperacao, dataOperacao, idParcela, idCultura, idTipoOperacao, quantidade, idUnidade)  values (169 , TO_DATE('15/07/2022', 'DD/MM/YYYY'), 107, 26, 7, 600, 3);
INSERT INTO operacaoAgricula (idOperacao, dataOperacao, idParcela, idCultura, idTipoOperacao, quantidade, idUnidade)  values (170 , TO_DATE('20/07/2022', 'DD/MM/YYYY'), 107, 26, 7, 500, 3);
INSERT INTO operacaoAgricula (idOperacao, dataOperacao, idParcela, idCultura, idTipoOperacao, quantidade, idUnidade)  values (171 , TO_DATE('24/07/2022', 'DD/MM/YYYY'), 103, 9, 2, 15, 2);
INSERT INTO operacaoAgricula (idOperacao, dataOperacao, idParcela, idCultura, idTipoOperacao, quantidade, idUnidade)  values (277 , TO_DATE('30/07/2022', 'DD/MM/YYYY'), 104, 22, 2, 5, 2);
INSERT INTO operacaoAgricula (idOperacao, dataOperacao, idParcela, idCultura, idTipoOperacao, quantidade, idUnidade)  values (278 , TO_DATE('30/07/2022', 'DD/MM/YYYY'), 104, 23, 2, 5, 2);
INSERT INTO operacaoAgricula (idOperacao, dataOperacao, idParcela, idCultura, idTipoOperacao, quantidade, idUnidade)  values (279 , TO_DATE('30/07/2022', 'DD/MM/YYYY'), 104, 24, 2, 5, 2);
INSERT INTO operacaoAgricula (idOperacao, dataOperacao, idParcela, idCultura, idTipoOperacao, quantidade, idUnidade)  values (280 , TO_DATE('30/07/2022', 'DD/MM/YYYY'), 104, 25, 2, 5, 2);
INSERT INTO operacaoAgricula (idOperacao, dataOperacao, idParcela, idCultura, idTipoOperacao, quantidade, idUnidade)  values (173 , TO_DATE('30/07/2022', 'DD/MM/YYYY'), 106, 20, 2, 2.5, 2);
INSERT INTO operacaoAgricula (idOperacao, dataOperacao, idParcela, idCultura, idTipoOperacao, quantidade, idUnidade)  values (174 , TO_DATE('07/08/2022', 'DD/MM/YYYY'), 103, 9, 2, 15, 2);
INSERT INTO operacaoAgricula (idOperacao, dataOperacao, idParcela, idCultura, idTipoOperacao, quantidade, idUnidade)  values (175 , TO_DATE('10/08/2022', 'DD/MM/YYYY'), 102, 12, 2, 0.8, 2);
INSERT INTO operacaoAgricula (idOperacao, dataOperacao, idParcela, idCultura, idTipoOperacao, quantidade, idUnidade)  values (176 , TO_DATE('10/08/2022', 'DD/MM/YYYY'), 102, 11, 2, 1.5, 2);
INSERT INTO operacaoAgricula (idOperacao, dataOperacao, idParcela, idCultura, idTipoOperacao, quantidade, idUnidade)  values (177 , TO_DATE('12/08/2022', 'DD/MM/YYYY'), 107, 27, 7, 1200, 3);
INSERT INTO operacaoAgricula (idOperacao, dataOperacao, idParcela, idCultura, idTipoOperacao, quantidade, idUnidade)  values (178 , TO_DATE('12/08/2022', 'DD/MM/YYYY'), 107, 27, 7, 600, 3);
INSERT INTO operacaoAgricula (idOperacao, dataOperacao, idParcela, idCultura, idTipoOperacao, quantidade, idUnidade)  values (179 , TO_DATE('17/08/2022', 'DD/MM/YYYY'), 101, 4, 7, 3500, 3);
INSERT INTO operacaoAgricula (idOperacao, dataOperacao, idParcela, idCultura, idTipoOperacao, quantidade, idUnidade)  values (180 , TO_DATE('17/08/2022', 'DD/MM/YYYY'), 106, 20, 2, 3, 2);
INSERT INTO operacaoAgricula (idOperacao, dataOperacao, idParcela, idCultura, idTipoOperacao, quantidade, idUnidade)  values (181 , TO_DATE('18/08/2022', 'DD/MM/YYYY'), 103, 9, 7, 3300, 3);
INSERT INTO operacaoAgricula (idOperacao, dataOperacao, idParcela, idCultura, idTipoOperacao, quantidade, idUnidade)  values (182 , TO_DATE('20/08/2022', 'DD/MM/YYYY'), 104, 24, 7, 950, 3);
INSERT INTO operacaoAgricula (idOperacao, dataOperacao, idParcela, idCultura, idTipoOperacao, quantidade, idUnidade)  values (183 , TO_DATE('24/08/2022', 'DD/MM/YYYY'), 106, 20, 7, 650, 3);
INSERT INTO operacaoAgricula (idOperacao, dataOperacao, idParcela, idCultura, idTipoOperacao, quantidade, idUnidade)  values (184 , TO_DATE('05/09/2022', 'DD/MM/YYYY'), 106, 20, 7, 1900, 3);
INSERT INTO operacaoAgricula (idOperacao, dataOperacao, idParcela, idCultura, idTipoOperacao, quantidade, idUnidade)  values (185 , TO_DATE('07/09/2022', 'DD/MM/YYYY'), 104, 25, 7, 830, 3);
INSERT INTO operacaoAgricula (idOperacao, dataOperacao, idParcela, idCultura, idTipoOperacao, quantidade, idUnidade)  values (186 , TO_DATE('11/09/2022', 'DD/MM/YYYY'), 104, 22, 7, 750, 3);
INSERT INTO operacaoAgricula (idOperacao, dataOperacao, idParcela, idCultura, idTipoOperacao, quantidade, idUnidade)  values (187 , TO_DATE('20/09/2022', 'DD/MM/YYYY'), 104, 22, 7, 1150, 3);
INSERT INTO operacaoAgricula (idOperacao, dataOperacao, idParcela, idCultura, idTipoOperacao, quantidade, idUnidade)  values (188 , TO_DATE('20/09/2022', 'DD/MM/YYYY'), 106, 21, 6, 0.6, 3);
INSERT INTO operacaoAgricula (idOperacao, dataOperacao, idParcela, idCultura, idTipoOperacao, quantidade, idUnidade)  values (189 , TO_DATE('12/10/2022', 'DD/MM/YYYY'), 103, 10, 6, 1.3, 4);
INSERT INTO operacaoAgricula (idOperacao, dataOperacao, idParcela, idCultura, idTipoOperacao, quantidade, idUnidade)  values (190 , TO_DATE('17/10/2022', 'DD/MM/YYYY'), 104, 23, 7, 850, 3);
INSERT INTO operacaoAgricula (idOperacao, dataOperacao, idParcela, idCultura, idTipoOperacao, quantidade, idUnidade)  values (191 , TO_DATE('06/11/2022', 'DD/MM/YYYY'), 104, 23, 7, 900, 3);
INSERT INTO operacaoAgricula (idOperacao, dataOperacao, idParcela, idCultura, idTipoOperacao, quantidade, idUnidade)  values (192 , TO_DATE('10/11/2022', 'DD/MM/YYYY'), 102, 11, 3, 30, 1);
INSERT INTO operacaoAgricula (idOperacao, dataOperacao, idParcela, idCultura, idTipoOperacao, quantidade, idUnidade)  values (193 , TO_DATE('10/11/2022', 'DD/MM/YYYY'), 102, 12, 3, 20, 1);
INSERT INTO operacaoAgricula (idOperacao, dataOperacao, idParcela, idCultura, idTipoOperacao, quantidade, idUnidade)  values (194 , TO_DATE('12/11/2022', 'DD/MM/YYYY'), 102, 11, 7, 300, 3);
INSERT INTO operacaoAgricula (idOperacao, dataOperacao, idParcela, idCultura, idTipoOperacao, quantidade, idUnidade)  values (195 , TO_DATE('12/11/2022', 'DD/MM/YYYY'), 102, 12, 7, 200, 3);
INSERT INTO operacaoAgricula (idOperacao, dataOperacao, idParcela, idCultura, idTipoOperacao, quantidade, idUnidade)  values (196 , TO_DATE('15/11/2022', 'DD/MM/YYYY'), 106, 21, 7, 50, 3);
INSERT INTO operacaoAgricula (idOperacao, dataOperacao, idParcela, idCultura, idTipoOperacao, quantidade, idUnidade)  values (197 , TO_DATE('04/12/2022', 'DD/MM/YYYY'), 104, 25, 3, 70, 1);
INSERT INTO operacaoAgricula (idOperacao, dataOperacao, idParcela, idCultura, idTipoOperacao, quantidade, idUnidade)  values (198 , TO_DATE('07/12/2022', 'DD/MM/YYYY'), 104, 22, 3, 90, 1);
INSERT INTO operacaoAgricula (idOperacao, dataOperacao, idParcela, idCultura, idTipoOperacao, quantidade, idUnidade)  values (199 , TO_DATE('11/12/2022', 'DD/MM/YYYY'), 102, 11, 4, 15, 3);
INSERT INTO operacaoAgricula (idOperacao, dataOperacao, idParcela, idCultura, idTipoOperacao, quantidade, idUnidade)  values (200 , TO_DATE('11/12/2022', 'DD/MM/YYYY'), 102, 12, 4, 10, 3);
INSERT INTO operacaoAgricula (idOperacao, dataOperacao, idParcela, idCultura, idTipoOperacao, quantidade, idUnidade)  values (201 , TO_DATE('16/12/2022', 'DD/MM/YYYY'), 107, 26, 3, 500, 1);
INSERT INTO operacaoAgricula (idOperacao, dataOperacao, idParcela, idCultura, idTipoOperacao, quantidade, idUnidade)  values (202 , TO_DATE('18/12/2022', 'DD/MM/YYYY'), 106, 21, 7, 200, 3);
INSERT INTO operacaoAgricula (idOperacao, dataOperacao, idParcela, idCultura, idTipoOperacao, quantidade, idUnidade)  values (203 , TO_DATE('18/12/2022', 'DD/MM/YYYY'), 107, 27, 3, 700, 1);
INSERT INTO operacaoAgricula (idOperacao, dataOperacao, idParcela, idCultura, idTipoOperacao, quantidade, idUnidade)  values (204 , TO_DATE('12/01/2023', 'DD/MM/YYYY'), 104, 23, 3, 60, 1);
INSERT INTO operacaoAgricula (idOperacao, dataOperacao, idParcela, idCultura, idTipoOperacao, quantidade, idUnidade)  values (205 , TO_DATE('14/01/2023', 'DD/MM/YYYY'), 106, 21, 7, 250, 3);
INSERT INTO operacaoAgricula (idOperacao, dataOperacao, idParcela, idCultura, idTipoOperacao, quantidade, idUnidade)  values (206 , TO_DATE('20/01/2023', 'DD/MM/YYYY'), 107, 26, 5, 4, 3);
INSERT INTO operacaoAgricula (idOperacao, dataOperacao, idParcela, idCultura, idTipoOperacao, quantidade, idUnidade)  values (207 , TO_DATE('20/01/2023', 'DD/MM/YYYY'), 107, 27, 5, 5, 3);
INSERT INTO operacaoAgricula (idOperacao, dataOperacao, idParcela, idCultura, idTipoOperacao, quantidade, idUnidade)  values (208 , TO_DATE('20/03/2023', 'DD/MM/YYYY'), 103, 10, 8, 1.3, 4);
INSERT INTO operacaoAgricula (idOperacao, dataOperacao, idParcela, idCultura, idTipoOperacao, quantidade, idUnidade)  values (281 , TO_DATE('14/05/2023', 'DD/MM/YYYY'), 104, 22, 2, 120, 5);
INSERT INTO operacaoAgricula (idOperacao, dataOperacao, idParcela, idCultura, idTipoOperacao, quantidade, idUnidade)  values (282 , TO_DATE('14/05/2023', 'DD/MM/YYYY'), 104, 23, 2, 120, 5);
INSERT INTO operacaoAgricula (idOperacao, dataOperacao, idParcela, idCultura, idTipoOperacao, quantidade, idUnidade)  values (283 , TO_DATE('14/05/2023', 'DD/MM/YYYY'), 104, 24, 2, 120, 5);
INSERT INTO operacaoAgricula (idOperacao, dataOperacao, idParcela, idCultura, idTipoOperacao, quantidade, idUnidade)  values (284 , TO_DATE('14/05/2023', 'DD/MM/YYYY'), 104, 25, 2, 120, 5);
INSERT INTO operacaoAgricula (idOperacao, dataOperacao, idParcela, idCultura, idTipoOperacao, quantidade, idUnidade)  values (285 , TO_DATE('01/06/2023', 'DD/MM/YYYY'), 104, 22, 2, 120, 5);
INSERT INTO operacaoAgricula (idOperacao, dataOperacao, idParcela, idCultura, idTipoOperacao, quantidade, idUnidade)  values (286 , TO_DATE('01/06/2023', 'DD/MM/YYYY'), 104, 23, 2, 120, 5);
INSERT INTO operacaoAgricula (idOperacao, dataOperacao, idParcela, idCultura, idTipoOperacao, quantidade, idUnidade)  values (287 , TO_DATE('01/06/2023', 'DD/MM/YYYY'), 104, 24, 2, 120, 5);
INSERT INTO operacaoAgricula (idOperacao, dataOperacao, idParcela, idCultura, idTipoOperacao, quantidade, idUnidade)  values (288 , TO_DATE('01/06/2023', 'DD/MM/YYYY'), 104, 25, 2, 120, 5);
INSERT INTO operacaoAgricula (idOperacao, dataOperacao, idParcela, idCultura, idTipoOperacao, quantidade, idUnidade)  values (289 , TO_DATE('15/06/2023', 'DD/MM/YYYY'), 104, 22, 2, 120, 5);
INSERT INTO operacaoAgricula (idOperacao, dataOperacao, idParcela, idCultura, idTipoOperacao, quantidade, idUnidade)  values (290 , TO_DATE('15/06/2023', 'DD/MM/YYYY'), 104, 23, 2, 120, 5);
INSERT INTO operacaoAgricula (idOperacao, dataOperacao, idParcela, idCultura, idTipoOperacao, quantidade, idUnidade)  values (291 , TO_DATE('15/06/2023', 'DD/MM/YYYY'), 104, 24, 2, 120, 5);
INSERT INTO operacaoAgricula (idOperacao, dataOperacao, idParcela, idCultura, idTipoOperacao, quantidade, idUnidade)  values (292 , TO_DATE('15/06/2023', 'DD/MM/YYYY'), 104, 25, 2, 120, 5);
INSERT INTO operacaoAgricula (idOperacao, dataOperacao, idParcela, idCultura, idTipoOperacao, quantidade, idUnidade)  values (293 , TO_DATE('30/06/2023', 'DD/MM/YYYY'), 104, 22, 2, 120, 5);
INSERT INTO operacaoAgricula (idOperacao, dataOperacao, idParcela, idCultura, idTipoOperacao, quantidade, idUnidade)  values (294 , TO_DATE('30/06/2023', 'DD/MM/YYYY'), 104, 23, 2, 120, 5);
INSERT INTO operacaoAgricula (idOperacao, dataOperacao, idParcela, idCultura, idTipoOperacao, quantidade, idUnidade)  values (295 , TO_DATE('30/06/2023', 'DD/MM/YYYY'), 104, 24, 2, 120, 5);
INSERT INTO operacaoAgricula (idOperacao, dataOperacao, idParcela, idCultura, idTipoOperacao, quantidade, idUnidade)  values (296 , TO_DATE('30/06/2023', 'DD/MM/YYYY'), 104, 25, 2, 120, 5);
INSERT INTO operacaoAgricula (idOperacao, dataOperacao, idParcela, idCultura, idTipoOperacao, quantidade, idUnidade)  values (297 , TO_DATE('07/07/2023', 'DD/MM/YYYY'), 104, 22, 2, 180, 5);
INSERT INTO operacaoAgricula (idOperacao, dataOperacao, idParcela, idCultura, idTipoOperacao, quantidade, idUnidade)  values (298 , TO_DATE('07/07/2023', 'DD/MM/YYYY'), 104, 23, 2, 180, 5);
INSERT INTO operacaoAgricula (idOperacao, dataOperacao, idParcela, idCultura, idTipoOperacao, quantidade, idUnidade)  values (299 , TO_DATE('07/07/2023', 'DD/MM/YYYY'), 104, 24, 2, 180, 5);
INSERT INTO operacaoAgricula (idOperacao, dataOperacao, idParcela, idCultura, idTipoOperacao, quantidade, idUnidade)  values (300 , TO_DATE('07/07/2023', 'DD/MM/YYYY'), 104, 25, 2, 180, 5);
INSERT INTO operacaoAgricula (idOperacao, dataOperacao, idParcela, idCultura, idTipoOperacao, quantidade, idUnidade)  values (301 , TO_DATE('14/07/2023', 'DD/MM/YYYY'), 104, 22, 2, 180, 5);
INSERT INTO operacaoAgricula (idOperacao, dataOperacao, idParcela, idCultura, idTipoOperacao, quantidade, idUnidade)  values (302 , TO_DATE('14/07/2023', 'DD/MM/YYYY'), 104, 23, 2, 180, 5);
INSERT INTO operacaoAgricula (idOperacao, dataOperacao, idParcela, idCultura, idTipoOperacao, quantidade, idUnidade)  values (303 , TO_DATE('14/07/2023', 'DD/MM/YYYY'), 104, 24, 2, 180, 5);
INSERT INTO operacaoAgricula (idOperacao, dataOperacao, idParcela, idCultura, idTipoOperacao, quantidade, idUnidade)  values (304 , TO_DATE('14/07/2023', 'DD/MM/YYYY'), 104, 25, 2, 180, 5);
INSERT INTO operacaoAgricula (idOperacao, dataOperacao, idParcela, idCultura, idTipoOperacao, quantidade, idUnidade)  values (305 , TO_DATE('21/07/2023', 'DD/MM/YYYY'), 104, 22, 2, 180, 5);
INSERT INTO operacaoAgricula (idOperacao, dataOperacao, idParcela, idCultura, idTipoOperacao, quantidade, idUnidade)  values (306 , TO_DATE('21/07/2023', 'DD/MM/YYYY'), 104, 23, 2, 180, 5);
INSERT INTO operacaoAgricula (idOperacao, dataOperacao, idParcela, idCultura, idTipoOperacao, quantidade, idUnidade)  values (307 , TO_DATE('21/07/2023', 'DD/MM/YYYY'), 104, 24, 2, 180, 5);
INSERT INTO operacaoAgricula (idOperacao, dataOperacao, idParcela, idCultura, idTipoOperacao, quantidade, idUnidade)  values (308 , TO_DATE('21/07/2023', 'DD/MM/YYYY'), 104, 25, 2, 180, 5);
INSERT INTO operacaoAgricula (idOperacao, dataOperacao, idParcela, idCultura, idTipoOperacao, quantidade, idUnidade)  values (309 , TO_DATE('28/07/2023', 'DD/MM/YYYY'), 104, 22, 2, 180, 5);
INSERT INTO operacaoAgricula (idOperacao, dataOperacao, idParcela, idCultura, idTipoOperacao, quantidade, idUnidade)  values (310 , TO_DATE('28/07/2023', 'DD/MM/YYYY'), 104, 23, 2, 180, 5);
INSERT INTO operacaoAgricula (idOperacao, dataOperacao, idParcela, idCultura, idTipoOperacao, quantidade, idUnidade)  values (311 , TO_DATE('28/07/2023', 'DD/MM/YYYY'), 104, 24, 2, 180, 5);
INSERT INTO operacaoAgricula (idOperacao, dataOperacao, idParcela, idCultura, idTipoOperacao, quantidade, idUnidade)  values (312 , TO_DATE('28/07/2023', 'DD/MM/YYYY'), 104, 25, 2, 180, 5);
INSERT INTO operacaoAgricula (idOperacao, dataOperacao, idParcela, idCultura, idTipoOperacao, quantidade, idUnidade)  values (313 , TO_DATE('04/08/2023', 'DD/MM/YYYY'), 104, 22, 2, 150, 5);
INSERT INTO operacaoAgricula (idOperacao, dataOperacao, idParcela, idCultura, idTipoOperacao, quantidade, idUnidade)  values (314 , TO_DATE('04/08/2023', 'DD/MM/YYYY'), 104, 23, 2, 150, 5);
INSERT INTO operacaoAgricula (idOperacao, dataOperacao, idParcela, idCultura, idTipoOperacao, quantidade, idUnidade)  values (315 , TO_DATE('04/08/2023', 'DD/MM/YYYY'), 104, 24, 2, 150, 5);
INSERT INTO operacaoAgricula (idOperacao, dataOperacao, idParcela, idCultura, idTipoOperacao, quantidade, idUnidade)  values (316 , TO_DATE('04/08/2023', 'DD/MM/YYYY'), 104, 25, 2, 150, 5);
INSERT INTO operacaoAgricula (idOperacao, dataOperacao, idParcela, idCultura, idTipoOperacao, quantidade, idUnidade)  values (317 , TO_DATE('11/08/2023', 'DD/MM/YYYY'), 104, 22, 2, 150, 5);
INSERT INTO operacaoAgricula (idOperacao, dataOperacao, idParcela, idCultura, idTipoOperacao, quantidade, idUnidade)  values (318 , TO_DATE('11/08/2023', 'DD/MM/YYYY'), 104, 23, 2, 150, 5);
INSERT INTO operacaoAgricula (idOperacao, dataOperacao, idParcela, idCultura, idTipoOperacao, quantidade, idUnidade)  values (319 , TO_DATE('11/08/2023', 'DD/MM/YYYY'), 104, 24, 2, 150, 5);
INSERT INTO operacaoAgricula (idOperacao, dataOperacao, idParcela, idCultura, idTipoOperacao, quantidade, idUnidade)  values (320 , TO_DATE('11/08/2023', 'DD/MM/YYYY'), 104, 25, 2, 150, 5);
INSERT INTO operacaoAgricula (idOperacao, dataOperacao, idParcela, idCultura, idTipoOperacao, quantidade, idUnidade)  values (321 , TO_DATE('18/08/2023', 'DD/MM/YYYY'), 104, 22, 2, 150, 5);
INSERT INTO operacaoAgricula (idOperacao, dataOperacao, idParcela, idCultura, idTipoOperacao, quantidade, idUnidade)  values (322 , TO_DATE('18/08/2023', 'DD/MM/YYYY'), 104, 23, 2, 150, 5);
INSERT INTO operacaoAgricula (idOperacao, dataOperacao, idParcela, idCultura, idTipoOperacao, quantidade, idUnidade)  values (323 , TO_DATE('18/08/2023', 'DD/MM/YYYY'), 104, 24, 2, 150, 5);
INSERT INTO operacaoAgricula (idOperacao, dataOperacao, idParcela, idCultura, idTipoOperacao, quantidade, idUnidade)  values (324 , TO_DATE('18/08/2023', 'DD/MM/YYYY'), 104, 25, 2, 150, 5);
INSERT INTO operacaoAgricula (idOperacao, dataOperacao, idParcela, idCultura, idTipoOperacao, quantidade, idUnidade)  values (325 , TO_DATE('25/08/2023', 'DD/MM/YYYY'), 104, 22, 2, 120, 5);
INSERT INTO operacaoAgricula (idOperacao, dataOperacao, idParcela, idCultura, idTipoOperacao, quantidade, idUnidade)  values (326 , TO_DATE('25/08/2023', 'DD/MM/YYYY'), 104, 23, 2, 120, 5);
INSERT INTO operacaoAgricula (idOperacao, dataOperacao, idParcela, idCultura, idTipoOperacao, quantidade, idUnidade)  values (327 , TO_DATE('25/08/2023', 'DD/MM/YYYY'), 104, 24, 2, 120, 5);
INSERT INTO operacaoAgricula (idOperacao, dataOperacao, idParcela, idCultura, idTipoOperacao, quantidade, idUnidade)  values (328 , TO_DATE('25/08/2023', 'DD/MM/YYYY'), 104, 25, 2, 120, 5);
INSERT INTO operacaoAgricula (idOperacao, dataOperacao, idParcela, idCultura, idTipoOperacao, quantidade, idUnidade)  values (329 , TO_DATE('01/09/2023', 'DD/MM/YYYY'), 104, 22, 2, 120, 5);
INSERT INTO operacaoAgricula (idOperacao, dataOperacao, idParcela, idCultura, idTipoOperacao, quantidade, idUnidade)  values (330 , TO_DATE('01/09/2023', 'DD/MM/YYYY'), 104, 23, 2, 120, 5);
INSERT INTO operacaoAgricula (idOperacao, dataOperacao, idParcela, idCultura, idTipoOperacao, quantidade, idUnidade)  values (331 , TO_DATE('01/09/2023', 'DD/MM/YYYY'), 104, 24, 2, 120, 5);
INSERT INTO operacaoAgricula (idOperacao, dataOperacao, idParcela, idCultura, idTipoOperacao, quantidade, idUnidade)  values (332 , TO_DATE('01/09/2023', 'DD/MM/YYYY'), 104, 25, 2, 120, 5);
INSERT INTO operacaoAgricula (idOperacao, dataOperacao, idParcela, idCultura, idTipoOperacao, quantidade, idUnidade)  values (333 , TO_DATE('08/09/2023', 'DD/MM/YYYY'), 104, 22, 2, 120, 5);
INSERT INTO operacaoAgricula (idOperacao, dataOperacao, idParcela, idCultura, idTipoOperacao, quantidade, idUnidade)  values (334 , TO_DATE('08/09/2023', 'DD/MM/YYYY'), 104, 23, 2, 120, 5);
INSERT INTO operacaoAgricula (idOperacao, dataOperacao, idParcela, idCultura, idTipoOperacao, quantidade, idUnidade)  values (335 , TO_DATE('08/09/2023', 'DD/MM/YYYY'), 104, 24, 2, 120, 5);
INSERT INTO operacaoAgricula (idOperacao, dataOperacao, idParcela, idCultura, idTipoOperacao, quantidade, idUnidade)  values (336 , TO_DATE('08/09/2023', 'DD/MM/YYYY'), 104, 25, 2, 120, 5);
INSERT INTO operacaoAgricula (idOperacao, dataOperacao, idParcela, idCultura, idTipoOperacao, quantidade, idUnidade)  values (337 , TO_DATE('15/09/2023', 'DD/MM/YYYY'), 104, 22, 2, 120, 5);
INSERT INTO operacaoAgricula (idOperacao, dataOperacao, idParcela, idCultura, idTipoOperacao, quantidade, idUnidade)  values (338 , TO_DATE('15/09/2023', 'DD/MM/YYYY'), 104, 23, 2, 120, 5);
INSERT INTO operacaoAgricula (idOperacao, dataOperacao, idParcela, idCultura, idTipoOperacao, quantidade, idUnidade)  values (339 , TO_DATE('15/09/2023', 'DD/MM/YYYY'), 104, 24, 2, 120, 5);
INSERT INTO operacaoAgricula (idOperacao, dataOperacao, idParcela, idCultura, idTipoOperacao, quantidade, idUnidade)  values (340 , TO_DATE('15/09/2023', 'DD/MM/YYYY'), 104, 25, 2, 120, 5);
INSERT INTO operacaoAgricula (idOperacao, dataOperacao, idParcela, idCultura, idTipoOperacao, quantidade, idUnidade)  values (341 , TO_DATE('18/08/2023', 'DD/MM/YYYY'), 104, 24 , 7, 700, 3);
INSERT INTO operacaoAgricula (idOperacao, dataOperacao, idParcela, idCultura, idTipoOperacao, quantidade, idUnidade)  values (342 , TO_DATE('30/08/2023', 'DD/MM/YYYY'), 104, 25 , 7, 900, 3);
INSERT INTO operacaoAgricula (idOperacao, dataOperacao, idParcela, idCultura, idTipoOperacao, quantidade, idUnidade)  values (343 , TO_DATE('05/09/2023', 'DD/MM/YYYY'), 104, 22 , 7, 900, 3);
INSERT INTO operacaoAgricula (idOperacao, dataOperacao, idParcela, idCultura, idTipoOperacao, quantidade, idUnidade)  values (344 , TO_DATE('08/09/2023', 'DD/MM/YYYY'), 104, 22 , 7, 1050, 3);
INSERT INTO operacaoAgricula (idOperacao, dataOperacao, idParcela, idCultura, idTipoOperacao, quantidade, idUnidade)  values (345 , TO_DATE('28/09/2023', 'DD/MM/YYYY'), 104, 23 , 7, 950, 3);
INSERT INTO operacaoAgricula (idOperacao, dataOperacao, idParcela, idCultura, idTipoOperacao, quantidade, idUnidade)  values (346 , TO_DATE('03/10/2023', 'DD/MM/YYYY'), 104, 23 , 7, 800, 3);
INSERT INTO operacaoAgricula (idOperacao, dataOperacao, idParcela, idCultura, idTipoOperacao, quantidade, idUnidade)  values (347 , TO_DATE('04/01/2019', 'DD/MM/YYYY'), 105, NULL , 4, 3200, 4);
INSERT INTO operacaoAgricula (idOperacao, dataOperacao, idParcela, idCultura, idTipoOperacao, quantidade, idUnidade)  values (348 , TO_DATE('09/01/2019', 'DD/MM/YYYY'), 105,28, 1, 50, 1);
INSERT INTO operacaoAgricula (idOperacao, dataOperacao, idParcela, idCultura, idTipoOperacao, quantidade, idUnidade)  values (349 , TO_DATE('09/01/2019', 'DD/MM/YYYY'), 105,29, 1, 20, 1);
INSERT INTO operacaoAgricula (idOperacao, dataOperacao, idParcela, idCultura, idTipoOperacao, quantidade, idUnidade)  values (350 , TO_DATE('10/01/2019', 'DD/MM/YYYY'), 105,30, 1, 40, 1);
INSERT INTO operacaoAgricula (idOperacao, dataOperacao, idParcela, idCultura, idTipoOperacao, quantidade, idUnidade)  values (351 , TO_DATE('10/01/2019', 'DD/MM/YYYY'), 105,31, 1, 30, 1);
INSERT INTO operacaoAgricula (idOperacao, dataOperacao, idParcela, idCultura, idTipoOperacao, quantidade, idUnidade)  values (352 , TO_DATE('11/01/2019', 'DD/MM/YYYY'), 105,32, 1, 40, 1);
INSERT INTO operacaoAgricula (idOperacao, dataOperacao, idParcela, idCultura, idTipoOperacao, quantidade, idUnidade)  values (353 , TO_DATE('11/01/2019', 'DD/MM/YYYY'), 105,33, 1, 50, 1);
INSERT INTO operacaoAgricula (idOperacao, dataOperacao, idParcela, idCultura, idTipoOperacao, quantidade, idUnidade)  values (354 , TO_DATE('06/01/2020', 'DD/MM/YYYY'), 105,28, 4, 100, 3);
INSERT INTO operacaoAgricula (idOperacao, dataOperacao, idParcela, idCultura, idTipoOperacao, quantidade, idUnidade)  values (355 , TO_DATE('06/01/2020', 'DD/MM/YYYY'), 105,29, 4, 40, 3);
INSERT INTO operacaoAgricula (idOperacao, dataOperacao, idParcela, idCultura, idTipoOperacao, quantidade, idUnidade)  values (356 , TO_DATE('06/01/2020', 'DD/MM/YYYY'), 105,30, 4, 80, 3);
INSERT INTO operacaoAgricula (idOperacao, dataOperacao, idParcela, idCultura, idTipoOperacao, quantidade, idUnidade)  values (357 , TO_DATE('06/01/2020', 'DD/MM/YYYY'), 105,31, 4, 60, 3);
INSERT INTO operacaoAgricula (idOperacao, dataOperacao, idParcela, idCultura, idTipoOperacao, quantidade, idUnidade)  values (358 , TO_DATE('07/01/2020', 'DD/MM/YYYY'), 105,32, 4, 80, 3);
INSERT INTO operacaoAgricula (idOperacao, dataOperacao, idParcela, idCultura, idTipoOperacao, quantidade, idUnidade)  values (359 , TO_DATE('07/01/2020', 'DD/MM/YYYY'), 105,33, 4, 100, 3);
INSERT INTO operacaoAgricula (idOperacao, dataOperacao, idParcela, idCultura, idTipoOperacao, quantidade, idUnidade)  values (360 , TO_DATE('07/01/2021', 'DD/MM/YYYY'), 105,28, 4, 150, 3);
INSERT INTO operacaoAgricula (idOperacao, dataOperacao, idParcela, idCultura, idTipoOperacao, quantidade, idUnidade)  values (361 , TO_DATE('07/01/2021', 'DD/MM/YYYY'), 105,29, 4, 60, 3);
INSERT INTO operacaoAgricula (idOperacao, dataOperacao, idParcela, idCultura, idTipoOperacao, quantidade, idUnidade)  values (362 , TO_DATE('08/01/2021', 'DD/MM/YYYY'), 105,30, 4, 120, 3);
INSERT INTO operacaoAgricula (idOperacao, dataOperacao, idParcela, idCultura, idTipoOperacao, quantidade, idUnidade)  values (363 , TO_DATE('07/01/2021', 'DD/MM/YYYY'), 105,31, 4, 90, 3);
INSERT INTO operacaoAgricula (idOperacao, dataOperacao, idParcela, idCultura, idTipoOperacao, quantidade, idUnidade)  values (364 , TO_DATE('07/01/2021', 'DD/MM/YYYY'), 105,32, 4, 120, 3);
INSERT INTO operacaoAgricula (idOperacao, dataOperacao, idParcela, idCultura, idTipoOperacao, quantidade, idUnidade)  values (365 , TO_DATE('08/01/2021', 'DD/MM/YYYY'), 105,33, 4, 150, 3);
INSERT INTO operacaoAgricula (idOperacao, dataOperacao, idParcela, idCultura, idTipoOperacao, quantidade, idUnidade)  values (366 , TO_DATE('15/01/2022', 'DD/MM/YYYY'), 105,28, 4, 150, 3);
INSERT INTO operacaoAgricula (idOperacao, dataOperacao, idParcela, idCultura, idTipoOperacao, quantidade, idUnidade)  values (367 , TO_DATE('15/01/2022', 'DD/MM/YYYY'), 105,29, 4, 60, 3);
INSERT INTO operacaoAgricula (idOperacao, dataOperacao, idParcela, idCultura, idTipoOperacao, quantidade, idUnidade)  values (368 , TO_DATE('15/01/2022', 'DD/MM/YYYY'), 105,30, 4, 120, 3);
INSERT INTO operacaoAgricula (idOperacao, dataOperacao, idParcela, idCultura, idTipoOperacao, quantidade, idUnidade)  values (369 , TO_DATE('16/01/2022', 'DD/MM/YYYY'), 105,31, 4, 90, 3);
INSERT INTO operacaoAgricula (idOperacao, dataOperacao, idParcela, idCultura, idTipoOperacao, quantidade, idUnidade)  values (370 , TO_DATE('16/01/2022', 'DD/MM/YYYY'), 105,32, 4, 120, 3);
INSERT INTO operacaoAgricula (idOperacao, dataOperacao, idParcela, idCultura, idTipoOperacao, quantidade, idUnidade)  values (371 , TO_DATE('16/01/2022', 'DD/MM/YYYY'), 105,33, 4, 150, 3);
INSERT INTO operacaoAgricula (idOperacao, dataOperacao, idParcela, idCultura, idTipoOperacao, quantidade, idUnidade)  values (372 , TO_DATE('15/05/2023', 'DD/MM/YYYY'), 105,28, 4, 5, 3);
INSERT INTO operacaoAgricula (idOperacao, dataOperacao, idParcela, idCultura, idTipoOperacao, quantidade, idUnidade)  values (373 , TO_DATE('15/05/2023', 'DD/MM/YYYY'), 105,29, 4, 2, 3);
INSERT INTO operacaoAgricula (idOperacao, dataOperacao, idParcela, idCultura, idTipoOperacao, quantidade, idUnidade)  values (374 , TO_DATE('15/05/2023', 'DD/MM/YYYY'), 105,30, 4, 4, 3);
INSERT INTO operacaoAgricula (idOperacao, dataOperacao, idParcela, idCultura, idTipoOperacao, quantidade, idUnidade)  values (375 , TO_DATE('15/05/2023', 'DD/MM/YYYY'), 105,31, 4, 3, 3);
INSERT INTO operacaoAgricula (idOperacao, dataOperacao, idParcela, idCultura, idTipoOperacao, quantidade, idUnidade)  values (376 , TO_DATE('15/05/2023', 'DD/MM/YYYY'), 105,32, 4, 4, 3);
INSERT INTO operacaoAgricula (idOperacao, dataOperacao, idParcela, idCultura, idTipoOperacao, quantidade, idUnidade)  values (377 , TO_DATE('15/05/2023', 'DD/MM/YYYY'), 105,33, 4, 5, 3);
INSERT INTO operacaoAgricula (idOperacao, dataOperacao, idParcela, idCultura, idTipoOperacao, quantidade, idUnidade)  values (378 , TO_DATE('15/09/2023', 'DD/MM/YYYY'), 105,31, 7, 700, 3);
INSERT INTO operacaoAgricula (idOperacao, dataOperacao, idParcela, idCultura, idTipoOperacao, quantidade, idUnidade)  values (379 , TO_DATE('16/09/2023', 'DD/MM/YYYY'), 105,32, 7, 600, 3);
INSERT INTO operacaoAgricula (idOperacao, dataOperacao, idParcela, idCultura, idTipoOperacao, quantidade, idUnidade)  values (380 , TO_DATE('20/09/2023', 'DD/MM/YYYY'), 105,32, 7, 700, 3);
INSERT INTO operacaoAgricula (idOperacao, dataOperacao, idParcela, idCultura, idTipoOperacao, quantidade, idUnidade)  values (381 , TO_DATE('27/09/2023', 'DD/MM/YYYY'), 105,30, 7, 600, 3);
INSERT INTO operacaoAgricula (idOperacao, dataOperacao, idParcela, idCultura, idTipoOperacao, quantidade, idUnidade)  values (382 , TO_DATE('05/10/2023', 'DD/MM/YYYY'), 105,30, 7, 700, 3);
INSERT INTO operacaoAgricula (idOperacao, dataOperacao, idParcela, idCultura, idTipoOperacao, quantidade, idUnidade)  values (383 , TO_DATE('15/10/2023', 'DD/MM/YYYY'), 105,33, 7, 1200, 3);
INSERT INTO operacaoAgricula (idOperacao, dataOperacao, idParcela, idCultura, idTipoOperacao, quantidade, idUnidade)  values (384 , TO_DATE('15/10/2023', 'DD/MM/YYYY'), 105,29, 7, 700, 3);
INSERT INTO operacaoAgricula (idOperacao, dataOperacao, idParcela, idCultura, idTipoOperacao, quantidade, idUnidade)  values (385 , TO_DATE('12/11/2023', 'DD/MM/YYYY'), 105,28, 7, 700, 3);
INSERT INTO operacaoAgricula (idOperacao, dataOperacao, idParcela, idCultura, idTipoOperacao, quantidade, idUnidade)  values (386 , TO_DATE('15/11/2023', 'DD/MM/YYYY'), 105,28, 7, 800, 3);
INSERT INTO operacaoAgricula (idOperacao, dataOperacao, idParcela, idCultura, idTipoOperacao, quantidade, idUnidade)  values (387 , TO_DATE('13/05/2023', 'DD/MM/YYYY'), 105,28, 2, 120, 5);
INSERT INTO operacaoAgricula (idOperacao, dataOperacao, idParcela, idCultura, idTipoOperacao, quantidade, idUnidade)  values (388 , TO_DATE('13/05/2023', 'DD/MM/YYYY'), 105,29, 2, 120, 5);
INSERT INTO operacaoAgricula (idOperacao, dataOperacao, idParcela, idCultura, idTipoOperacao, quantidade, idUnidade)  values (389 , TO_DATE('13/05/2023', 'DD/MM/YYYY'), 105,31, 2, 120, 5);
INSERT INTO operacaoAgricula (idOperacao, dataOperacao, idParcela, idCultura, idTipoOperacao, quantidade, idUnidade)  values (390 , TO_DATE('13/05/2023', 'DD/MM/YYYY'), 105,32, 2, 120, 5);
INSERT INTO operacaoAgricula (idOperacao, dataOperacao, idParcela, idCultura, idTipoOperacao, quantidade, idUnidade)  values (391 , TO_DATE('13/05/2023', 'DD/MM/YYYY'), 105,33, 2, 120, 5);
INSERT INTO operacaoAgricula (idOperacao, dataOperacao, idParcela, idCultura, idTipoOperacao, quantidade, idUnidade)  values (392 , TO_DATE('02/06/2023', 'DD/MM/YYYY'), 105,28, 2, 120, 5);
INSERT INTO operacaoAgricula (idOperacao, dataOperacao, idParcela, idCultura, idTipoOperacao, quantidade, idUnidade)  values (393 , TO_DATE('02/06/2023', 'DD/MM/YYYY'), 105,29, 2, 120, 5);
INSERT INTO operacaoAgricula (idOperacao, dataOperacao, idParcela, idCultura, idTipoOperacao, quantidade, idUnidade)  values (394 , TO_DATE('02/06/2023', 'DD/MM/YYYY'), 105,31, 2, 120, 5);
INSERT INTO operacaoAgricula (idOperacao, dataOperacao, idParcela, idCultura, idTipoOperacao, quantidade, idUnidade)  values (395 , TO_DATE('02/06/2023', 'DD/MM/YYYY'), 105,32, 2, 120, 5);
INSERT INTO operacaoAgricula (idOperacao, dataOperacao, idParcela, idCultura, idTipoOperacao, quantidade, idUnidade)  values (396 , TO_DATE('02/06/2023', 'DD/MM/YYYY'), 105,33, 2, 120, 5);
INSERT INTO operacaoAgricula (idOperacao, dataOperacao, idParcela, idCultura, idTipoOperacao, quantidade, idUnidade)  values (397 , TO_DATE('16/06/2023', 'DD/MM/YYYY'), 105,28, 2, 120, 5);
INSERT INTO operacaoAgricula (idOperacao, dataOperacao, idParcela, idCultura, idTipoOperacao, quantidade, idUnidade)  values (398 , TO_DATE('16/06/2023', 'DD/MM/YYYY'), 105,29, 2, 120, 5);
INSERT INTO operacaoAgricula (idOperacao, dataOperacao, idParcela, idCultura, idTipoOperacao, quantidade, idUnidade)  values (399 , TO_DATE('16/06/2023', 'DD/MM/YYYY'), 105,31, 2, 120, 5);
INSERT INTO operacaoAgricula (idOperacao, dataOperacao, idParcela, idCultura, idTipoOperacao, quantidade, idUnidade)  values (400 , TO_DATE('16/06/2023', 'DD/MM/YYYY'), 105,32, 2, 120, 5);
INSERT INTO operacaoAgricula (idOperacao, dataOperacao, idParcela, idCultura, idTipoOperacao, quantidade, idUnidade)  values (401 , TO_DATE('16/06/2023', 'DD/MM/YYYY'), 105,33, 2, 120, 5);
INSERT INTO operacaoAgricula (idOperacao, dataOperacao, idParcela, idCultura, idTipoOperacao, quantidade, idUnidade)  values (402 , TO_DATE('01/07/2023', 'DD/MM/YYYY'), 105,28, 2, 120, 5);
INSERT INTO operacaoAgricula (idOperacao, dataOperacao, idParcela, idCultura, idTipoOperacao, quantidade, idUnidade)  values (403 , TO_DATE('01/07/2023', 'DD/MM/YYYY'), 105,29, 2, 120, 5);
INSERT INTO operacaoAgricula (idOperacao, dataOperacao, idParcela, idCultura, idTipoOperacao, quantidade, idUnidade)  values (404 , TO_DATE('01/07/2023', 'DD/MM/YYYY'), 105,31, 2, 120, 5);
INSERT INTO operacaoAgricula (idOperacao, dataOperacao, idParcela, idCultura, idTipoOperacao, quantidade, idUnidade)  values (405 , TO_DATE('01/07/2023', 'DD/MM/YYYY'), 105,32, 2, 120, 5);
INSERT INTO operacaoAgricula (idOperacao, dataOperacao, idParcela, idCultura, idTipoOperacao, quantidade, idUnidade)  values (406 , TO_DATE('01/07/2023', 'DD/MM/YYYY'), 105,33, 2, 120, 5);
INSERT INTO operacaoAgricula (idOperacao, dataOperacao, idParcela, idCultura, idTipoOperacao, quantidade, idUnidade)  values (407 , TO_DATE('08/07/2023', 'DD/MM/YYYY'), 105,28, 2, 180, 5);
INSERT INTO operacaoAgricula (idOperacao, dataOperacao, idParcela, idCultura, idTipoOperacao, quantidade, idUnidade)  values (408 , TO_DATE('08/07/2023', 'DD/MM/YYYY'), 105,29, 2, 180, 5);
INSERT INTO operacaoAgricula (idOperacao, dataOperacao, idParcela, idCultura, idTipoOperacao, quantidade, idUnidade)  values (409 , TO_DATE('08/07/2023', 'DD/MM/YYYY'), 105,31, 2, 180, 5);
INSERT INTO operacaoAgricula (idOperacao, dataOperacao, idParcela, idCultura, idTipoOperacao, quantidade, idUnidade)  values (410 , TO_DATE('08/07/2023', 'DD/MM/YYYY'), 105,32, 2, 180, 5);
INSERT INTO operacaoAgricula (idOperacao, dataOperacao, idParcela, idCultura, idTipoOperacao, quantidade, idUnidade)  values (411 , TO_DATE('08/07/2023', 'DD/MM/YYYY'), 105,33, 2, 180, 5);
INSERT INTO operacaoAgricula (idOperacao, dataOperacao, idParcela, idCultura, idTipoOperacao, quantidade, idUnidade)  values (412 , TO_DATE('15/07/2023', 'DD/MM/YYYY'), 105,28, 2, 180, 5);
INSERT INTO operacaoAgricula (idOperacao, dataOperacao, idParcela, idCultura, idTipoOperacao, quantidade, idUnidade)  values (413 , TO_DATE('15/07/2023', 'DD/MM/YYYY'), 105,29, 2, 180, 5);
INSERT INTO operacaoAgricula (idOperacao, dataOperacao, idParcela, idCultura, idTipoOperacao, quantidade, idUnidade)  values (414 , TO_DATE('15/07/2023', 'DD/MM/YYYY'), 105,31, 2, 180, 5);
INSERT INTO operacaoAgricula (idOperacao, dataOperacao, idParcela, idCultura, idTipoOperacao, quantidade, idUnidade)  values (415 , TO_DATE('15/07/2023', 'DD/MM/YYYY'), 105,32, 2, 180, 5);
INSERT INTO operacaoAgricula (idOperacao, dataOperacao, idParcela, idCultura, idTipoOperacao, quantidade, idUnidade)  values (416 , TO_DATE('15/07/2023', 'DD/MM/YYYY'), 105,33, 2, 180, 5);
INSERT INTO operacaoAgricula (idOperacao, dataOperacao, idParcela, idCultura, idTipoOperacao, quantidade, idUnidade)  values (417 , TO_DATE('22/07/2023', 'DD/MM/YYYY'), 105,28, 2, 180, 5);
INSERT INTO operacaoAgricula (idOperacao, dataOperacao, idParcela, idCultura, idTipoOperacao, quantidade, idUnidade)  values (418 , TO_DATE('22/07/2023', 'DD/MM/YYYY'), 105,29, 2, 180, 5);
INSERT INTO operacaoAgricula (idOperacao, dataOperacao, idParcela, idCultura, idTipoOperacao, quantidade, idUnidade)  values (419 , TO_DATE('22/07/2023', 'DD/MM/YYYY'), 105,31, 2, 180, 5);
INSERT INTO operacaoAgricula (idOperacao, dataOperacao, idParcela, idCultura, idTipoOperacao, quantidade, idUnidade)  values (420 , TO_DATE('22/07/2023', 'DD/MM/YYYY'), 105,32, 2, 180, 5);
INSERT INTO operacaoAgricula (idOperacao, dataOperacao, idParcela, idCultura, idTipoOperacao, quantidade, idUnidade)  values (421 , TO_DATE('22/07/2023', 'DD/MM/YYYY'), 105,33, 2, 180, 5);
INSERT INTO operacaoAgricula (idOperacao, dataOperacao, idParcela, idCultura, idTipoOperacao, quantidade, idUnidade)  values (422 , TO_DATE('29/07/2023', 'DD/MM/YYYY'), 105,28, 2, 180, 5);
INSERT INTO operacaoAgricula (idOperacao, dataOperacao, idParcela, idCultura, idTipoOperacao, quantidade, idUnidade)  values (423 , TO_DATE('29/07/2023', 'DD/MM/YYYY'), 105,29, 2, 180, 5);
INSERT INTO operacaoAgricula (idOperacao, dataOperacao, idParcela, idCultura, idTipoOperacao, quantidade, idUnidade)  values (424 , TO_DATE('29/07/2023', 'DD/MM/YYYY'), 105,31, 2, 180, 5);
INSERT INTO operacaoAgricula (idOperacao, dataOperacao, idParcela, idCultura, idTipoOperacao, quantidade, idUnidade)  values (425 , TO_DATE('29/07/2023', 'DD/MM/YYYY'), 105,32, 2, 180, 5);
INSERT INTO operacaoAgricula (idOperacao, dataOperacao, idParcela, idCultura, idTipoOperacao, quantidade, idUnidade)  values (426 , TO_DATE('29/07/2023', 'DD/MM/YYYY'), 105,33, 2, 180, 5);
INSERT INTO operacaoAgricula (idOperacao, dataOperacao, idParcela, idCultura, idTipoOperacao, quantidade, idUnidade)  values (427 , TO_DATE('05/08/2023', 'DD/MM/YYYY'), 105,28, 2, 150, 5);
INSERT INTO operacaoAgricula (idOperacao, dataOperacao, idParcela, idCultura, idTipoOperacao, quantidade, idUnidade)  values (428 , TO_DATE('05/08/2023', 'DD/MM/YYYY'), 105,29, 2, 150, 5);
INSERT INTO operacaoAgricula (idOperacao, dataOperacao, idParcela, idCultura, idTipoOperacao, quantidade, idUnidade)  values (429 , TO_DATE('05/08/2023', 'DD/MM/YYYY'), 105,31, 2, 150, 5);
INSERT INTO operacaoAgricula (idOperacao, dataOperacao, idParcela, idCultura, idTipoOperacao, quantidade, idUnidade)  values (430 , TO_DATE('05/08/2023', 'DD/MM/YYYY'), 105,32, 2, 150, 5);
INSERT INTO operacaoAgricula (idOperacao, dataOperacao, idParcela, idCultura, idTipoOperacao, quantidade, idUnidade)  values (431 , TO_DATE('05/08/2023', 'DD/MM/YYYY'), 105,33, 2, 150, 5);
INSERT INTO operacaoAgricula (idOperacao, dataOperacao, idParcela, idCultura, idTipoOperacao, quantidade, idUnidade)  values (432 , TO_DATE('10/08/2023', 'DD/MM/YYYY'), 105,28, 2, 150, 5);
INSERT INTO operacaoAgricula (idOperacao, dataOperacao, idParcela, idCultura, idTipoOperacao, quantidade, idUnidade)  values (433 , TO_DATE('10/08/2023', 'DD/MM/YYYY'), 105,29, 2, 150, 5);
INSERT INTO operacaoAgricula (idOperacao, dataOperacao, idParcela, idCultura, idTipoOperacao, quantidade, idUnidade)  values (434 , TO_DATE('10/08/2023', 'DD/MM/YYYY'), 105,31, 2, 150, 5);
INSERT INTO operacaoAgricula (idOperacao, dataOperacao, idParcela, idCultura, idTipoOperacao, quantidade, idUnidade)  values (435 , TO_DATE('10/08/2023', 'DD/MM/YYYY'), 105,32, 2, 150, 5);
INSERT INTO operacaoAgricula (idOperacao, dataOperacao, idParcela, idCultura, idTipoOperacao, quantidade, idUnidade)  values (436 , TO_DATE('10/08/2023', 'DD/MM/YYYY'), 105,33, 2, 150, 5);
INSERT INTO operacaoAgricula (idOperacao, dataOperacao, idParcela, idCultura, idTipoOperacao, quantidade, idUnidade)  values (437 , TO_DATE('17/08/2023', 'DD/MM/YYYY'), 105,28, 2, 150, 5);
INSERT INTO operacaoAgricula (idOperacao, dataOperacao, idParcela, idCultura, idTipoOperacao, quantidade, idUnidade)  values (438 , TO_DATE('17/08/2023', 'DD/MM/YYYY'), 105,29, 2, 150, 5);
INSERT INTO operacaoAgricula (idOperacao, dataOperacao, idParcela, idCultura, idTipoOperacao, quantidade, idUnidade)  values (439 , TO_DATE('17/08/2023', 'DD/MM/YYYY'), 105,31, 2, 150, 5);
INSERT INTO operacaoAgricula (idOperacao, dataOperacao, idParcela, idCultura, idTipoOperacao, quantidade, idUnidade)  values (440 , TO_DATE('17/08/2023', 'DD/MM/YYYY'), 105,32, 2, 150, 5);
INSERT INTO operacaoAgricula (idOperacao, dataOperacao, idParcela, idCultura, idTipoOperacao, quantidade, idUnidade)  values (441 , TO_DATE('17/08/2023', 'DD/MM/YYYY'), 105,33, 2, 150, 5);
INSERT INTO operacaoAgricula (idOperacao, dataOperacao, idParcela, idCultura, idTipoOperacao, quantidade, idUnidade)  values (442 , TO_DATE('24/08/2023', 'DD/MM/YYYY'), 105,28, 2, 120, 5);
INSERT INTO operacaoAgricula (idOperacao, dataOperacao, idParcela, idCultura, idTipoOperacao, quantidade, idUnidade)  values (443 , TO_DATE('24/08/2023', 'DD/MM/YYYY'), 105,29, 2, 120, 5);
INSERT INTO operacaoAgricula (idOperacao, dataOperacao, idParcela, idCultura, idTipoOperacao, quantidade, idUnidade)  values (444 , TO_DATE('24/08/2023', 'DD/MM/YYYY'), 105,31, 2, 120, 5);
INSERT INTO operacaoAgricula (idOperacao, dataOperacao, idParcela, idCultura, idTipoOperacao, quantidade, idUnidade)  values (445 , TO_DATE('24/08/2023', 'DD/MM/YYYY'), 105,32, 2, 120, 5);
INSERT INTO operacaoAgricula (idOperacao, dataOperacao, idParcela, idCultura, idTipoOperacao, quantidade, idUnidade)  values (446 , TO_DATE('24/08/2023', 'DD/MM/YYYY'), 105,33, 2, 120, 5);
INSERT INTO operacaoAgricula (idOperacao, dataOperacao, idParcela, idCultura, idTipoOperacao, quantidade, idUnidade)  values (447 , TO_DATE('02/09/2023', 'DD/MM/YYYY'), 105,28, 2, 120, 5);
INSERT INTO operacaoAgricula (idOperacao, dataOperacao, idParcela, idCultura, idTipoOperacao, quantidade, idUnidade)  values (448 , TO_DATE('02/09/2023', 'DD/MM/YYYY'), 105,29, 2, 120, 5);
INSERT INTO operacaoAgricula (idOperacao, dataOperacao, idParcela, idCultura, idTipoOperacao, quantidade, idUnidade)  values (449 , TO_DATE('02/09/2023', 'DD/MM/YYYY'), 105,31, 2, 120, 5);
INSERT INTO operacaoAgricula (idOperacao, dataOperacao, idParcela, idCultura, idTipoOperacao, quantidade, idUnidade)  values (450 , TO_DATE('02/09/2023', 'DD/MM/YYYY'), 105,32, 2, 120, 5);
INSERT INTO operacaoAgricula (idOperacao, dataOperacao, idParcela, idCultura, idTipoOperacao, quantidade, idUnidade)  values (451 , TO_DATE('02/09/2023', 'DD/MM/YYYY'), 105,33, 2, 120, 5);
INSERT INTO operacaoAgricula (idOperacao, dataOperacao, idParcela, idCultura, idTipoOperacao, quantidade, idUnidade)  values (452 , TO_DATE('09/09/2023', 'DD/MM/YYYY'), 105,28, 2, 120, 5);
INSERT INTO operacaoAgricula (idOperacao, dataOperacao, idParcela, idCultura, idTipoOperacao, quantidade, idUnidade)  values (453 , TO_DATE('09/09/2023', 'DD/MM/YYYY'), 105,29, 2, 120, 5);
INSERT INTO operacaoAgricula (idOperacao, dataOperacao, idParcela, idCultura, idTipoOperacao, quantidade, idUnidade)  values (454 , TO_DATE('09/09/2023', 'DD/MM/YYYY'), 105,31, 2, 120, 5);
INSERT INTO operacaoAgricula (idOperacao, dataOperacao, idParcela, idCultura, idTipoOperacao, quantidade, idUnidade)  values (455 , TO_DATE('09/09/2023', 'DD/MM/YYYY'), 105,32, 2, 120, 5);
INSERT INTO operacaoAgricula (idOperacao, dataOperacao, idParcela, idCultura, idTipoOperacao, quantidade, idUnidade)  values (456 , TO_DATE('09/09/2023', 'DD/MM/YYYY'), 105,33, 2, 120, 5);
INSERT INTO operacaoAgricula (idOperacao, dataOperacao, idParcela, idCultura, idTipoOperacao, quantidade, idUnidade)  values (457 , TO_DATE('18/09/2023', 'DD/MM/YYYY'), 105,28, 2, 120, 5);
INSERT INTO operacaoAgricula (idOperacao, dataOperacao, idParcela, idCultura, idTipoOperacao, quantidade, idUnidade)  values (458 , TO_DATE('18/09/2023', 'DD/MM/YYYY'), 105,29, 2, 120, 5);
INSERT INTO operacaoAgricula (idOperacao, dataOperacao, idParcela, idCultura, idTipoOperacao, quantidade, idUnidade)  values (459 , TO_DATE('18/09/2023', 'DD/MM/YYYY'), 105,31, 2, 120, 5);
INSERT INTO operacaoAgricula (idOperacao, dataOperacao, idParcela, idCultura, idTipoOperacao, quantidade, idUnidade)  values (460 , TO_DATE('18/09/2023', 'DD/MM/YYYY'), 105,32, 2, 120, 5);
INSERT INTO operacaoAgricula (idOperacao, dataOperacao, idParcela, idCultura, idTipoOperacao, quantidade, idUnidade)  values (461 , TO_DATE('18/09/2023', 'DD/MM/YYYY'), 105,33, 2, 120, 5);
INSERT INTO operacaoAgricula (idOperacao, dataOperacao, idParcela, idCultura, idTipoOperacao, quantidade, idUnidade)  values (462 , TO_DATE('12/10/2016', 'DD/MM/YYYY'), 102, 34 , 1, 40, 1);
INSERT INTO operacaoAgricula (idOperacao, dataOperacao, idParcela, idCultura, idTipoOperacao, quantidade, idUnidade)  values (463 , TO_DATE('13/01/2021', 'DD/MM/YYYY'), 102, 11 , 4, 120, 3);
INSERT INTO operacaoAgricula (idOperacao, dataOperacao, idParcela, idCultura, idTipoOperacao, quantidade, idUnidade)  values (464 , TO_DATE('12/01/2021', 'DD/MM/YYYY'), 102, 12 , 4, 180, 3);
INSERT INTO operacaoAgricula (idOperacao, dataOperacao, idParcela, idCultura, idTipoOperacao, quantidade, idUnidade)  values (465 , TO_DATE('12/01/2021', 'DD/MM/YYYY'), 102, 34 , 4, 240, 3);
INSERT INTO operacaoAgricula (idOperacao, dataOperacao, idParcela, idCultura, idTipoOperacao, quantidade, idUnidade)  values (466 , TO_DATE('12/01/2022', 'DD/MM/YYYY'), 102, 11 , 4, 120, 3);
INSERT INTO operacaoAgricula (idOperacao, dataOperacao, idParcela, idCultura, idTipoOperacao, quantidade, idUnidade)  values (467 , TO_DATE('12/01/2022', 'DD/MM/YYYY'), 102, 12 , 4, 180, 3);
INSERT INTO operacaoAgricula (idOperacao, dataOperacao, idParcela, idCultura, idTipoOperacao, quantidade, idUnidade)  values (468 , TO_DATE('13/01/2022', 'DD/MM/YYYY'), 102, 34 , 4, 240, 3);
INSERT INTO operacaoAgricula (idOperacao, dataOperacao, idParcela, idCultura, idTipoOperacao, quantidade, idUnidade)  values (469 , TO_DATE('12/01/2023', 'DD/MM/YYYY'), 102, 11 , 4, 120, 3);
INSERT INTO operacaoAgricula (idOperacao, dataOperacao, idParcela, idCultura, idTipoOperacao, quantidade, idUnidade)  values (470 , TO_DATE('12/01/2023', 'DD/MM/YYYY'), 102, 12 , 4, 180, 3);
INSERT INTO operacaoAgricula (idOperacao, dataOperacao, idParcela, idCultura, idTipoOperacao, quantidade, idUnidade)  values (471 , TO_DATE('12/01/2023', 'DD/MM/YYYY'), 102, 34 , 4, 240, 3);
INSERT INTO operacaoAgricula (idOperacao, dataOperacao, idParcela, idCultura, idTipoOperacao, quantidade, idUnidade)  values (472 , TO_DATE('02/11/2023', 'DD/MM/YYYY'), 102, 34 , 7, 400, 3);
INSERT INTO operacaoAgricula (idOperacao, dataOperacao, idParcela, idCultura, idTipoOperacao, quantidade, idUnidade)  values (473 , TO_DATE('05/11/2023', 'DD/MM/YYYY'), 102, 11 , 7, 300, 3);
INSERT INTO operacaoAgricula (idOperacao, dataOperacao, idParcela, idCultura, idTipoOperacao, quantidade, idUnidade)  values (474 , TO_DATE('08/11/2023', 'DD/MM/YYYY'), 102, 12 , 7, 350, 3);
INSERT INTO operacaoAgricula (idOperacao, dataOperacao, idParcela, idCultura, idTipoOperacao, quantidade, idUnidade)  values (475 , TO_DATE('02/06/2023', 'DD/MM/YYYY'), 102, 11, 2, 60, 5);
INSERT INTO operacaoAgricula (idOperacao, dataOperacao, idParcela, idCultura, idTipoOperacao, quantidade, idUnidade)  values (476 , TO_DATE('02/06/2023', 'DD/MM/YYYY'), 102, 12, 2, 60, 5);
INSERT INTO operacaoAgricula (idOperacao, dataOperacao, idParcela, idCultura, idTipoOperacao, quantidade, idUnidade)  values (477 , TO_DATE('02/07/2023', 'DD/MM/YYYY'), 102, 11, 2, 120, 5);
INSERT INTO operacaoAgricula (idOperacao, dataOperacao, idParcela, idCultura, idTipoOperacao, quantidade, idUnidade)  values (478 , TO_DATE('02/07/2023', 'DD/MM/YYYY'), 102, 12, 2, 120, 5);
INSERT INTO operacaoAgricula (idOperacao, dataOperacao, idParcela, idCultura, idTipoOperacao, quantidade, idUnidade)  values (479 , TO_DATE('02/08/2023', 'DD/MM/YYYY'), 102, 11, 2, 180, 5);
INSERT INTO operacaoAgricula (idOperacao, dataOperacao, idParcela, idCultura, idTipoOperacao, quantidade, idUnidade)  values (480 , TO_DATE('02/08/2023', 'DD/MM/YYYY'), 102, 12, 2, 180, 5);
INSERT INTO operacaoAgricula (idOperacao, dataOperacao, idParcela, idCultura, idTipoOperacao, quantidade, idUnidade)  values (481 , TO_DATE('04/09/2023', 'DD/MM/YYYY'), 102, 11, 2, 120, 5);
INSERT INTO operacaoAgricula (idOperacao, dataOperacao, idParcela, idCultura, idTipoOperacao, quantidade, idUnidade)  values (482 , TO_DATE('04/09/2023', 'DD/MM/YYYY'), 102, 12, 2, 120, 5);
INSERT INTO operacaoAgricula (idOperacao, dataOperacao, idParcela, idCultura, idTipoOperacao, quantidade, idUnidade)  values (483 , TO_DATE('02/10/2023', 'DD/MM/YYYY'), 102, 11, 2, 60, 5);
INSERT INTO operacaoAgricula (idOperacao, dataOperacao, idParcela, idCultura, idTipoOperacao, quantidade, idUnidade)  values (484 , TO_DATE('02/10/2023', 'DD/MM/YYYY'), 102, 12, 2, 60, 5);
INSERT INTO operacaoAgricula (idOperacao, dataOperacao, idParcela, idCultura, idTipoOperacao, quantidade, idUnidade)  values (485 , TO_DATE('01/04/2023', 'DD/MM/YYYY'), 108, NULL , 4, 500, 3);
INSERT INTO operacaoAgricula (idOperacao, dataOperacao, idParcela, idCultura, idTipoOperacao, quantidade, idUnidade)  values (486 , TO_DATE('05/04/2023', 'DD/MM/YYYY'), 108, 35 , 6, 1.2, 3);
INSERT INTO operacaoAgricula (idOperacao, dataOperacao, idParcela, idCultura, idTipoOperacao, quantidade, idUnidade)  values (487 , TO_DATE('06/04/2023', 'DD/MM/YYYY'), 108, 36 , 6, 1.5, 3);
INSERT INTO operacaoAgricula (idOperacao, dataOperacao, idParcela, idCultura, idTipoOperacao, quantidade, idUnidade)  values (488 , TO_DATE('08/05/2023', 'DD/MM/YYYY'), 108, 35 , 10, 0.5, 4);
INSERT INTO operacaoAgricula (idOperacao, dataOperacao, idParcela, idCultura, idTipoOperacao, quantidade, idUnidade)  values (489 , TO_DATE('20/05/2023', 'DD/MM/YYYY'), 108, 36 , 10, 0.6, 4);
INSERT INTO operacaoAgricula (idOperacao, dataOperacao, idParcela, idCultura, idTipoOperacao, quantidade, idUnidade)  values (490 , TO_DATE('14/06/2023', 'DD/MM/YYYY'), 108, 35 , 7, 1500, 3);
INSERT INTO operacaoAgricula (idOperacao, dataOperacao, idParcela, idCultura, idTipoOperacao, quantidade, idUnidade)  values (491 , TO_DATE('20/06/2023', 'DD/MM/YYYY'), 108, 36 , 10, 0.6, 4);
INSERT INTO operacaoAgricula (idOperacao, dataOperacao, idParcela, idCultura, idTipoOperacao, quantidade, idUnidade)  values (492 , TO_DATE('28/06/2023', 'DD/MM/YYYY'), 108, 35 , 7, 2500, 3);
INSERT INTO operacaoAgricula (idOperacao, dataOperacao, idParcela, idCultura, idTipoOperacao, quantidade, idUnidade)  values (493 , TO_DATE('03/07/2023', 'DD/MM/YYYY'), 108, NULL , 4, 1800, 3);
INSERT INTO operacaoAgricula (idOperacao, dataOperacao, idParcela, idCultura, idTipoOperacao, quantidade, idUnidade)  values (494 , TO_DATE('04/07/2023', 'DD/MM/YYYY'), 108, NULL , 9, 0.5, 4);
INSERT INTO operacaoAgricula (idOperacao, dataOperacao, idParcela, idCultura, idTipoOperacao, quantidade, idUnidade)  values (495 , TO_DATE('05/07/2023', 'DD/MM/YYYY'), 108, 37 , 6, 1.2, 3);
INSERT INTO operacaoAgricula (idOperacao, dataOperacao, idParcela, idCultura, idTipoOperacao, quantidade, idUnidade)  values (496 , TO_DATE('08/08/2023', 'DD/MM/YYYY'), 108, 37 , 10, 0.5, 4);
INSERT INTO operacaoAgricula (idOperacao, dataOperacao, idParcela, idCultura, idTipoOperacao, quantidade, idUnidade)  values (497 , TO_DATE('15/09/2023', 'DD/MM/YYYY'), 108, 36 , 7, 8000, 3);
INSERT INTO operacaoAgricula (idOperacao, dataOperacao, idParcela, idCultura, idTipoOperacao, quantidade, idUnidade)  values (498 , TO_DATE('25/09/2023', 'DD/MM/YYYY'), 108, 36 , 7, 5000, 3);
INSERT INTO operacaoAgricula (idOperacao, dataOperacao, idParcela, idCultura, idTipoOperacao, quantidade, idUnidade)  values (499 , TO_DATE('18/09/2023', 'DD/MM/YYYY'), 108, 37 , 7, 900, 3);
INSERT INTO operacaoAgricula (idOperacao, dataOperacao, idParcela, idCultura, idTipoOperacao, quantidade, idUnidade)  values (500 , TO_DATE('22/09/2023', 'DD/MM/YYYY'), 108, 37 , 7, 1500, 3);
INSERT INTO operacaoAgricula (idOperacao, dataOperacao, idParcela, idCultura, idTipoOperacao, quantidade, idUnidade)  values (501 , TO_DATE('05/10/2023', 'DD/MM/YYYY'), 108, 37 , 7, 1200, 3);
INSERT INTO operacaoAgricula (idOperacao, dataOperacao, idParcela, idCultura, idTipoOperacao, quantidade, idUnidade)  values (502 , TO_DATE('10/10/2023', 'DD/MM/YYYY'), 108, NULL , 9, 1.1, 4);
INSERT INTO operacaoAgricula (idOperacao, dataOperacao, idParcela, idCultura, idTipoOperacao, quantidade, idUnidade)  values (503 , TO_DATE('12/10/2023', 'DD/MM/YYYY'), 108, 38 , 6, 32, 3);
INSERT INTO operacaoAgricula (idOperacao, dataOperacao, idParcela, idCultura, idTipoOperacao, quantidade, idUnidade)  values (504 , TO_DATE('12/06/2023', 'DD/MM/YYYY'), 108, 36, 2, 60, 5);
INSERT INTO operacaoAgricula (idOperacao, dataOperacao, idParcela, idCultura, idTipoOperacao, quantidade, idUnidade)  values (505 , TO_DATE('19/06/2023', 'DD/MM/YYYY'), 108, 36, 2, 60, 5);
INSERT INTO operacaoAgricula (idOperacao, dataOperacao, idParcela, idCultura, idTipoOperacao, quantidade, idUnidade)  values (506 , TO_DATE('30/06/2023', 'DD/MM/YYYY'), 108, 36, 2, 120, 5);
INSERT INTO operacaoAgricula (idOperacao, dataOperacao, idParcela, idCultura, idTipoOperacao, quantidade, idUnidade)  values (507 , TO_DATE('08/07/2023', 'DD/MM/YYYY'), 108, 36, 2, 120, 5);
INSERT INTO operacaoAgricula (idOperacao, dataOperacao, idParcela, idCultura, idTipoOperacao, quantidade, idUnidade)  values (508 , TO_DATE('15/07/2023', 'DD/MM/YYYY'), 108, 36, 2, 120, 5);
INSERT INTO operacaoAgricula (idOperacao, dataOperacao, idParcela, idCultura, idTipoOperacao, quantidade, idUnidade)  values (509 , TO_DATE('22/07/2023', 'DD/MM/YYYY'), 108, 36, 2, 150, 5);
INSERT INTO operacaoAgricula (idOperacao, dataOperacao, idParcela, idCultura, idTipoOperacao, quantidade, idUnidade)  values (510 , TO_DATE('29/07/2023', 'DD/MM/YYYY'), 108, 36, 2, 150, 5);
INSERT INTO operacaoAgricula (idOperacao, dataOperacao, idParcela, idCultura, idTipoOperacao, quantidade, idUnidade)  values (511 , TO_DATE('05/08/2023', 'DD/MM/YYYY'), 108, 36, 2, 120, 5);
INSERT INTO operacaoAgricula (idOperacao, dataOperacao, idParcela, idCultura, idTipoOperacao, quantidade, idUnidade)  values (512 , TO_DATE('12/08/2023', 'DD/MM/YYYY'), 108, 36, 2, 120, 5);
INSERT INTO operacaoAgricula (idOperacao, dataOperacao, idParcela, idCultura, idTipoOperacao, quantidade, idUnidade)  values (513 , TO_DATE('19/08/2023', 'DD/MM/YYYY'), 108, 36, 2, 120, 5);
INSERT INTO operacaoAgricula (idOperacao, dataOperacao, idParcela, idCultura, idTipoOperacao, quantidade, idUnidade)  values (514 , TO_DATE('26/08/2023', 'DD/MM/YYYY'), 108, 36, 2, 120, 5);
INSERT INTO operacaoAgricula (idOperacao, dataOperacao, idParcela, idCultura, idTipoOperacao, quantidade, idUnidade)  values (515 , TO_DATE('31/08/2023', 'DD/MM/YYYY'), 108, 36, 2, 120, 5);
INSERT INTO operacaoAgricula (idOperacao, dataOperacao, idParcela, idCultura, idTipoOperacao, quantidade, idUnidade)  values (516 , TO_DATE('05/09/2023', 'DD/MM/YYYY'), 108, 36, 2, 120, 5);
INSERT INTO operacaoAgricula (idOperacao, dataOperacao, idParcela, idCultura, idTipoOperacao, quantidade, idUnidade)  values (517 , TO_DATE('20/05/2023', 'DD/MM/YYYY'), 108,35, 2, 120, 5);
INSERT INTO operacaoAgricula (idOperacao, dataOperacao, idParcela, idCultura, idTipoOperacao, quantidade, idUnidade)  values (518 , TO_DATE('02/06/2023', 'DD/MM/YYYY'), 108, NULL, 2, 120, 5);
INSERT INTO operacaoAgricula (idOperacao, dataOperacao, idParcela, idCultura, idTipoOperacao, quantidade, idUnidade)  values (519 , TO_DATE('09/06/2023', 'DD/MM/YYYY'), 108, NULL, 2, 120, 5);
INSERT INTO operacaoAgricula (idOperacao, dataOperacao, idParcela, idCultura, idTipoOperacao, quantidade, idUnidade)  values (520 , TO_DATE('09/07/2023', 'DD/MM/YYYY'), 108,37, 2, 120, 5);
INSERT INTO operacaoAgricula (idOperacao, dataOperacao, idParcela, idCultura, idTipoOperacao, quantidade, idUnidade)  values (521 , TO_DATE('16/07/2023', 'DD/MM/YYYY'), 108,37, 2, 120, 5);
INSERT INTO operacaoAgricula (idOperacao, dataOperacao, idParcela, idCultura, idTipoOperacao, quantidade, idUnidade)  values (522 , TO_DATE('23/07/2023', 'DD/MM/YYYY'), 108,37, 2, 120, 5);
INSERT INTO operacaoAgricula (idOperacao, dataOperacao, idParcela, idCultura, idTipoOperacao, quantidade, idUnidade)  values (523 , TO_DATE('30/07/2023', 'DD/MM/YYYY'), 108,37, 2, 120, 5);
INSERT INTO operacaoAgricula (idOperacao, dataOperacao, idParcela, idCultura, idTipoOperacao, quantidade, idUnidade)  values (524 , TO_DATE('07/08/2023', 'DD/MM/YYYY'), 108,37, 2, 120, 5);
INSERT INTO operacaoAgricula (idOperacao, dataOperacao, idParcela, idCultura, idTipoOperacao, quantidade, idUnidade)  values (525 , TO_DATE('14/08/2023', 'DD/MM/YYYY'), 108,37, 2, 120, 5);
INSERT INTO operacaoAgricula (idOperacao, dataOperacao, idParcela, idCultura, idTipoOperacao, quantidade, idUnidade)  values (526 , TO_DATE('21/08/2023', 'DD/MM/YYYY'), 108,37, 2, 120, 5);
INSERT INTO operacaoAgricula (idOperacao, dataOperacao, idParcela, idCultura, idTipoOperacao, quantidade, idUnidade)  values (527 , TO_DATE('28/08/2023', 'DD/MM/YYYY'), 108,37, 2, 120, 5);
INSERT INTO operacaoAgricula (idOperacao, dataOperacao, idParcela, idCultura, idTipoOperacao, quantidade, idUnidade)  values (528 , TO_DATE('06/09/2023', 'DD/MM/YYYY'), 108,37, 2, 120, 5);
INSERT INTO operacaoAgricula (idOperacao, dataOperacao, idParcela, idCultura, idTipoOperacao, quantidade, idUnidade)  values (529 , TO_DATE('13/09/2023', 'DD/MM/YYYY'), 108,37, 2, 120, 5);
INSERT INTO operacaoAgricula (idOperacao, dataOperacao, idParcela, idCultura, idTipoOperacao, quantidade, idUnidade)  values (530 , TO_DATE('20/09/2023', 'DD/MM/YYYY'), 108,37, 2, 120, 5);


INSERT INTO tipoFatorDeProducao (idTipoFatorDeProducao, tipoFatorDeProducao)  values (1 , 'Fitofármaco');
INSERT INTO tipoFatorDeProducao (idTipoFatorDeProducao, tipoFatorDeProducao)  values (2 , 'Adubo');
INSERT INTO tipoFatorDeProducao (idTipoFatorDeProducao, tipoFatorDeProducao)  values (3 , 'Corretor');

INSERT INTO modoDeAplicacao (idModoDeAplicacao, modoDeAplicacao)  values (1 , 'Solo');
INSERT INTO modoDeAplicacao (idModoDeAplicacao, modoDeAplicacao)  values (2 , 'Foliar');
INSERT INTO modoDeAplicacao (idModoDeAplicacao, modoDeAplicacao)  values (3 , 'Sistema de Rega');


INSERT INTO formulacao (idFormulacao, formulacao)  values (1 , 'Pó molhável');
INSERT INTO formulacao (idFormulacao, formulacao)  values (2 , 'Granulado');
INSERT INTO formulacao (idFormulacao, formulacao)  values (3 , 'Pó');
INSERT INTO formulacao (idFormulacao, formulacao)  values (4 , 'Líquido');
INSERT INTO formulacao (idFormulacao, formulacao)  values (5 , 'Emulsão de óleo em água');

INSERT INTO fatorDeProducao (idFatorDeProducao, nomeComercial, idTipoFatorDeProducao, idFormulacao)  values (1 , 'Calda Bordalesa ASCENZA', 1, 1);
INSERT INTO fatorDeProducao (idFatorDeProducao, nomeComercial, idTipoFatorDeProducao, idFormulacao)  values (2 , 'Enxofre Bayer 80 WG', 1, 1);
INSERT INTO fatorDeProducao (idFatorDeProducao, nomeComercial, idTipoFatorDeProducao, idFormulacao)  values (3 , 'Patentkali', 2, 2);
INSERT INTO fatorDeProducao (idFatorDeProducao, nomeComercial, idTipoFatorDeProducao, idFormulacao)  values (4 , 'ESTA Kieserit', 2, 2);
INSERT INTO fatorDeProducao (idFatorDeProducao, nomeComercial, idTipoFatorDeProducao, idFormulacao)  values (5 , 'EPSO Microtop', 2, 2);
INSERT INTO fatorDeProducao (idFatorDeProducao, nomeComercial, idTipoFatorDeProducao, idFormulacao)  values (6 , 'EPSO Top', 2, 2);
INSERT INTO fatorDeProducao (idFatorDeProducao, nomeComercial, idTipoFatorDeProducao, idFormulacao)  values (7 , 'Biocal CaCo3', 3, 2);
INSERT INTO fatorDeProducao (idFatorDeProducao, nomeComercial, idTipoFatorDeProducao, idFormulacao)  values (8 , 'Biocal Composto', 3, 3);
INSERT INTO fatorDeProducao (idFatorDeProducao, nomeComercial, idTipoFatorDeProducao, idFormulacao)  values (9 , 'Sonata', 1, 4);
INSERT INTO fatorDeProducao (idFatorDeProducao, nomeComercial, idTipoFatorDeProducao, idFormulacao)  values (10 , 'FLiPPER ', 1, 5);
INSERT INTO fatorDeProducao (idFatorDeProducao, nomeComercial, idTipoFatorDeProducao, idFormulacao)  values (11 , 'Requiem Prime', 1, 4);
INSERT INTO fatorDeProducao (idFatorDeProducao, nomeComercial, idTipoFatorDeProducao, idFormulacao)  values (12 , 'Fertimax Extrume de Cavalo', 2, 2);
INSERT INTO fatorDeProducao (idFatorDeProducao, nomeComercial, idTipoFatorDeProducao, idFormulacao)  values (13 , 'BIOFERTIL N6', 2, 2);


INSERT INTO operacaoAgriculaComFator (idOperacao, idFatorDeProducao, idModoDeAplicacao)  values (15 ,3, 1);
INSERT INTO operacaoAgriculaComFator (idOperacao, idFatorDeProducao, idModoDeAplicacao)  values (16 ,3, 1);
INSERT INTO operacaoAgriculaComFator (idOperacao, idFatorDeProducao, idModoDeAplicacao)  values (22 ,4, 1);
INSERT INTO operacaoAgriculaComFator (idOperacao, idFatorDeProducao, idModoDeAplicacao)  values (23 ,4, 1);
INSERT INTO operacaoAgriculaComFator (idOperacao, idFatorDeProducao, idModoDeAplicacao)  values (24 ,4, 1);
INSERT INTO operacaoAgriculaComFator (idOperacao, idFatorDeProducao, idModoDeAplicacao)  values (90 ,3, 1);
INSERT INTO operacaoAgriculaComFator (idOperacao, idFatorDeProducao, idModoDeAplicacao)  values (91 ,3, 1);
INSERT INTO operacaoAgriculaComFator (idOperacao, idFatorDeProducao, idModoDeAplicacao)  values (98 ,1, NULL);
INSERT INTO operacaoAgriculaComFator (idOperacao, idFatorDeProducao, idModoDeAplicacao)  values (99 ,1, NULL);
INSERT INTO operacaoAgriculaComFator (idOperacao, idFatorDeProducao, idModoDeAplicacao)  values (250 ,5, 2);
INSERT INTO operacaoAgriculaComFator (idOperacao, idFatorDeProducao, idModoDeAplicacao)  values (251 ,5, 2);
INSERT INTO operacaoAgriculaComFator (idOperacao, idFatorDeProducao, idModoDeAplicacao)  values (252 ,5, 2);
INSERT INTO operacaoAgriculaComFator (idOperacao, idFatorDeProducao, idModoDeAplicacao)  values (253 ,5, 2);
INSERT INTO operacaoAgriculaComFator (idOperacao, idFatorDeProducao, idModoDeAplicacao)  values (150 ,1, NULL);
INSERT INTO operacaoAgriculaComFator (idOperacao, idFatorDeProducao, idModoDeAplicacao)  values (151 ,1, NULL);
INSERT INTO operacaoAgriculaComFator (idOperacao, idFatorDeProducao, idModoDeAplicacao)  values (264 ,5, 2);
INSERT INTO operacaoAgriculaComFator (idOperacao, idFatorDeProducao, idModoDeAplicacao)  values (265 ,5, 2);
INSERT INTO operacaoAgriculaComFator (idOperacao, idFatorDeProducao, idModoDeAplicacao)  values (266 ,5, 2);
INSERT INTO operacaoAgriculaComFator (idOperacao, idFatorDeProducao, idModoDeAplicacao)  values (267 ,5, 2);
INSERT INTO operacaoAgriculaComFator (idOperacao, idFatorDeProducao, idModoDeAplicacao)  values (199 ,3, 1);
INSERT INTO operacaoAgriculaComFator (idOperacao, idFatorDeProducao, idModoDeAplicacao)  values (200 ,3, 1);
INSERT INTO operacaoAgriculaComFator (idOperacao, idFatorDeProducao, idModoDeAplicacao)  values (206 ,1, NULL);
INSERT INTO operacaoAgriculaComFator (idOperacao, idFatorDeProducao, idModoDeAplicacao)  values (207 ,1, NULL);
INSERT INTO operacaoAgriculaComFator (idOperacao, idFatorDeProducao, idModoDeAplicacao)  values (347 ,13, 1);
INSERT INTO operacaoAgriculaComFator (idOperacao, idFatorDeProducao, idModoDeAplicacao)  values (354 ,12, 1);
INSERT INTO operacaoAgriculaComFator (idOperacao, idFatorDeProducao, idModoDeAplicacao)  values (355 ,12, 1);
INSERT INTO operacaoAgriculaComFator (idOperacao, idFatorDeProducao, idModoDeAplicacao)  values (356 ,12, 1);
INSERT INTO operacaoAgriculaComFator (idOperacao, idFatorDeProducao, idModoDeAplicacao)  values (357 ,12, 1);
INSERT INTO operacaoAgriculaComFator (idOperacao, idFatorDeProducao, idModoDeAplicacao)  values (358 ,12, 1);
INSERT INTO operacaoAgriculaComFator (idOperacao, idFatorDeProducao, idModoDeAplicacao)  values (359 ,12, 1);
INSERT INTO operacaoAgriculaComFator (idOperacao, idFatorDeProducao, idModoDeAplicacao)  values (360 ,12, 1);
INSERT INTO operacaoAgriculaComFator (idOperacao, idFatorDeProducao, idModoDeAplicacao)  values (361 ,12, 1);
INSERT INTO operacaoAgriculaComFator (idOperacao, idFatorDeProducao, idModoDeAplicacao)  values (362 ,12, 1);
INSERT INTO operacaoAgriculaComFator (idOperacao, idFatorDeProducao, idModoDeAplicacao)  values (363 ,12, 1);
INSERT INTO operacaoAgriculaComFator (idOperacao, idFatorDeProducao, idModoDeAplicacao)  values (364 ,12, 1);
INSERT INTO operacaoAgriculaComFator (idOperacao, idFatorDeProducao, idModoDeAplicacao)  values (365 ,12, 1);
INSERT INTO operacaoAgriculaComFator (idOperacao, idFatorDeProducao, idModoDeAplicacao)  values (366 ,13, 1);
INSERT INTO operacaoAgriculaComFator (idOperacao, idFatorDeProducao, idModoDeAplicacao)  values (367 ,13, 1);
INSERT INTO operacaoAgriculaComFator (idOperacao, idFatorDeProducao, idModoDeAplicacao)  values (368 ,13, 1);
INSERT INTO operacaoAgriculaComFator (idOperacao, idFatorDeProducao, idModoDeAplicacao)  values (369 ,13, 1);
INSERT INTO operacaoAgriculaComFator (idOperacao, idFatorDeProducao, idModoDeAplicacao)  values (370 ,13, 1);
INSERT INTO operacaoAgriculaComFator (idOperacao, idFatorDeProducao, idModoDeAplicacao)  values (371 ,13, 1);
INSERT INTO operacaoAgriculaComFator (idOperacao, idFatorDeProducao, idModoDeAplicacao)  values (372 ,5, 2);
INSERT INTO operacaoAgriculaComFator (idOperacao, idFatorDeProducao, idModoDeAplicacao)  values (373 ,5, 2);
INSERT INTO operacaoAgriculaComFator (idOperacao, idFatorDeProducao, idModoDeAplicacao)  values (374 ,5, 2);
INSERT INTO operacaoAgriculaComFator (idOperacao, idFatorDeProducao, idModoDeAplicacao)  values (375 ,5, 2);
INSERT INTO operacaoAgriculaComFator (idOperacao, idFatorDeProducao, idModoDeAplicacao)  values (376 ,5, 2);
INSERT INTO operacaoAgriculaComFator (idOperacao, idFatorDeProducao, idModoDeAplicacao)  values (377 ,5, 2);
INSERT INTO operacaoAgriculaComFator (idOperacao, idFatorDeProducao, idModoDeAplicacao)  values (463 ,13, NULL);
INSERT INTO operacaoAgriculaComFator (idOperacao, idFatorDeProducao, idModoDeAplicacao)  values (464 ,13, NULL);
INSERT INTO operacaoAgriculaComFator (idOperacao, idFatorDeProducao, idModoDeAplicacao)  values (465 ,13, NULL);
INSERT INTO operacaoAgriculaComFator (idOperacao, idFatorDeProducao, idModoDeAplicacao)  values (466 ,13, NULL);
INSERT INTO operacaoAgriculaComFator (idOperacao, idFatorDeProducao, idModoDeAplicacao)  values (467 ,13, NULL);
INSERT INTO operacaoAgriculaComFator (idOperacao, idFatorDeProducao, idModoDeAplicacao)  values (468 ,13, NULL);
INSERT INTO operacaoAgriculaComFator (idOperacao, idFatorDeProducao, idModoDeAplicacao)  values (469 ,13, NULL);
INSERT INTO operacaoAgriculaComFator (idOperacao, idFatorDeProducao, idModoDeAplicacao)  values (470 ,13, NULL);
INSERT INTO operacaoAgriculaComFator (idOperacao, idFatorDeProducao, idModoDeAplicacao)  values (471 ,13, NULL);
INSERT INTO operacaoAgriculaComFator (idOperacao, idFatorDeProducao, idModoDeAplicacao)  values (485 ,8, 1);
INSERT INTO operacaoAgriculaComFator (idOperacao, idFatorDeProducao, idModoDeAplicacao)  values (493 ,12, 1);

INSERT INTO componente (idComponente, designacao)  values (1 , 'Cu');
INSERT INTO componente (idComponente, designacao)  values (2 , 'Mg');
INSERT INTO componente (idComponente, designacao)  values (3 , 'S');
INSERT INTO componente (idComponente, designacao)  values (4 , 'B');
INSERT INTO componente (idComponente, designacao)  values (5 , 'Mn');
INSERT INTO componente (idComponente, designacao)  values (6 , 'MgCO3');
INSERT INTO componente (idComponente, designacao)  values (7 , 'MgO');
INSERT INTO componente (idComponente, designacao)  values (8 , 'CaCO3');
INSERT INTO componente (idComponente, designacao)  values (9 , 'Bacillus pumilus');
INSERT INTO componente (idComponente, designacao)  values (10 , 'Ácidos gordos (na forma de sais de potássio)');
INSERT INTO componente (idComponente, designacao)  values (11 , 'Terpenóides');
INSERT INTO componente (idComponente, designacao)  values (12 , 'K');
INSERT INTO componente (idComponente, designacao)  values (13 , 'Matéria Orgânica');
INSERT INTO componente (idComponente, designacao)  values (14 , 'N');
INSERT INTO componente (idComponente, designacao)  values (15 , 'P2O5');
INSERT INTO componente (idComponente, designacao)  values (16 , 'K2O');
INSERT INTO componente (idComponente, designacao)  values (17 , 'Ca');


INSERT INTO registoFichaTecnica (idFatorDeProducao, idComponente, quantidade)  values (1 , 1, 20);
INSERT INTO registoFichaTecnica (idFatorDeProducao, idComponente, quantidade)  values (2 , 3, 80);
INSERT INTO registoFichaTecnica (idFatorDeProducao, idComponente, quantidade)  values (3 , 12, 24.9);
INSERT INTO registoFichaTecnica (idFatorDeProducao, idComponente, quantidade)  values (3 , 2, 6);
INSERT INTO registoFichaTecnica (idFatorDeProducao, idComponente, quantidade)  values (3 , 3, 17.6);
INSERT INTO registoFichaTecnica (idFatorDeProducao, idComponente, quantidade)  values (4 , 2, 15.1);
INSERT INTO registoFichaTecnica (idFatorDeProducao, idComponente, quantidade)  values (4 , 3, 20.8);
INSERT INTO registoFichaTecnica (idFatorDeProducao, idComponente, quantidade)  values (5 , 2, 9);
INSERT INTO registoFichaTecnica (idFatorDeProducao, idComponente, quantidade)  values (5 , 3, 12.4);
INSERT INTO registoFichaTecnica (idFatorDeProducao, idComponente, quantidade)  values (5 , 4, 0.9);
INSERT INTO registoFichaTecnica (idFatorDeProducao, idComponente, quantidade)  values (5 , 5, 1);
INSERT INTO registoFichaTecnica (idFatorDeProducao, idComponente, quantidade)  values (6 , 2, 9.6);
INSERT INTO registoFichaTecnica (idFatorDeProducao, idComponente, quantidade)  values (6 , 3, 13);
INSERT INTO registoFichaTecnica (idFatorDeProducao, idComponente, quantidade)  values (7 , 8, 88.2);
INSERT INTO registoFichaTecnica (idFatorDeProducao, idComponente, quantidade)  values (7 , 6, 1.9);
INSERT INTO registoFichaTecnica (idFatorDeProducao, idComponente, quantidade)  values (8 , 8, 71.7);
INSERT INTO registoFichaTecnica (idFatorDeProducao, idComponente, quantidade)  values (8 , 6, 14.8);
INSERT INTO registoFichaTecnica (idFatorDeProducao, idComponente, quantidade)  values (8 , 7, 7.9);
INSERT INTO registoFichaTecnica (idFatorDeProducao, idComponente, quantidade)  values (9 , 9, 97.74);
INSERT INTO registoFichaTecnica (idFatorDeProducao, idComponente, quantidade)  values (10 , 10, 47.8);
INSERT INTO registoFichaTecnica (idFatorDeProducao, idComponente, quantidade)  values (11 , 11, 14.42);
INSERT INTO registoFichaTecnica (idFatorDeProducao, idComponente, quantidade)  values (12 , 13, 50);
INSERT INTO registoFichaTecnica (idFatorDeProducao, idComponente, quantidade)  values (12 , 14, 3);
INSERT INTO registoFichaTecnica (idFatorDeProducao, idComponente, quantidade)  values (12 , 15, 0.8);
INSERT INTO registoFichaTecnica (idFatorDeProducao, idComponente, quantidade)  values (12 , 16, 0.4);
INSERT INTO registoFichaTecnica (idFatorDeProducao, idComponente, quantidade)  values (12 , 17, 1.6);
INSERT INTO registoFichaTecnica (idFatorDeProducao, idComponente, quantidade)  values (12 , 7, 0.3);
INSERT INTO registoFichaTecnica (idFatorDeProducao, idComponente, quantidade)  values (12 , 4, 0.004);
INSERT INTO registoFichaTecnica (idFatorDeProducao, idComponente, quantidade)  values (13 , 13, 53);
INSERT INTO registoFichaTecnica (idFatorDeProducao, idComponente, quantidade)  values (13 , 14, 6.4);
INSERT INTO registoFichaTecnica (idFatorDeProducao, idComponente, quantidade)  values (13 , 15, 2.5);
INSERT INTO registoFichaTecnica (idFatorDeProducao, idComponente, quantidade)  values (13 , 16, 2.4);
INSERT INTO registoFichaTecnica (idFatorDeProducao, idComponente, quantidade)  values (13 , 17, 6);
INSERT INTO registoFichaTecnica (idFatorDeProducao, idComponente, quantidade)  values (13 , 7, 0.3);
INSERT INTO registoFichaTecnica (idFatorDeProducao, idComponente, quantidade)  values (13 , 4, 0.002);

END;
/
