CREATE TABLE parcela (idParcela number(10) NOT NULL, designacao varchar2(255) NOT NULL UNIQUE, area float(10) NOT NULL, PRIMARY KEY (idParcela));
CREATE TABLE cultura (idCultura number(10) NOT NULL, idPlanta number(10) NOT NULL, idParcela number(10) NOT NULL, dataInicio date NOT NULL, dataFim date, area float(10) NOT NULL, PRIMARY KEY (idCultura));
CREATE TABLE planta (idPlanta number(10) NOT NULL, nome varchar2(255) NOT NULL, especie varchar2(255) NOT NULL, variedade varchar2(255) NOT NULL, idTipoProduto number(10) NOT NULL, idTipoCultura number(10) NOT NULL, PRIMARY KEY (idPlanta));
CREATE TABLE produto (idTipoProduto number(10) NOT NULL, tipoProduto varchar2(255) NOT NULL UNIQUE, PRIMARY KEY (idTipoProduto));
CREATE TABLE tipoCultura (idTipoCultura number(10) NOT NULL, tipoCultura varchar2(255) NOT NULL UNIQUE, PRIMARY KEY (idTipoCultura));
CREATE TABLE fatorDeProducao (idFatorDeProducao number(10) NOT NULL, nomeComercial varchar2(255) NOT NULL, idTipoFatorDeProducao number(10) NOT NULL, idFormulacao number(10) NOT NULL, PRIMARY KEY (idFatorDeProducao));
CREATE TABLE tipoFatorDeProducao (idTipoFatorDeProducao number(10) NOT NULL, tipoFatorDeProducao varchar2(255) NOT NULL UNIQUE, PRIMARY KEY (idTipoFatorDeProducao));
CREATE TABLE formulacao (idFormulacao number(10) NOT NULL, formulacao varchar2(255) NOT NULL UNIQUE, PRIMARY KEY (idFormulacao));
CREATE TABLE operacaoAgricola (idOperacao number(10) NOT NULL, dataOperacao date NOT NULL, estadoOperacao number(1) NOT NULL, PRIMARY KEY (idOperacao));
CREATE TABLE colheitaPrevista (idCulturaPrevista number(10) NOT NULL, idCultura number(10) NOT NULL, quantidadePrevista float(10) NOT NULL, dataPrevista date NOT NULL, PRIMARY KEY (idCulturaPrevista));
CREATE TABLE registoEstadoFenologico (dataRegisto date NOT NULL, idCultura number(10) NOT NULL, idEstadoFenologico number(10) NOT NULL, PRIMARY KEY (dataRegisto, idCultura, idEstadoFenologico));
CREATE TABLE estadoFenologico (idEstadoFenologico number(10) NOT NULL, designacao varchar2(255) NOT NULL UNIQUE, PRIMARY KEY (idEstadoFenologico));
CREATE TABLE registoFichaTecnica (idFatorDeProducao number(10) NOT NULL, idComponente number(10) NOT NULL, quantidade float(10) NOT NULL, PRIMARY KEY (idFatorDeProducao, idComponente));
CREATE TABLE componente (idComponente number(10) NOT NULL, designacao varchar2(255) NOT NULL UNIQUE, PRIMARY KEY (idComponente));
CREATE TABLE setorDeRega (idSetor number(10) NOT NULL, caudalMax number(10) NOT NULL, dataInicio date NOT NULL, dataFim date, PRIMARY KEY (idSetor));
CREATE TABLE setorCultura (idSetor number(10) NOT NULL, idCultura number(10) NOT NULL, dataInicio date NOT NULL, dataFim date, PRIMARY KEY (idSetor, idCultura));
CREATE TABLE modoDeAplicacao (idModoDeAplicacao number(10) NOT NULL, modoDeAplicacao varchar2(255) NOT NULL UNIQUE, PRIMARY KEY (idModoDeAplicacao));
CREATE TABLE rega (idOperacao number(10) NOT NULL, idCultura number(10) NOT NULL, horaDeRega_Hora number(10) NOT NULL, horaDeRega_Minuto number(10) NOT NULL, duracao number(10) NOT NULL, PRIMARY KEY (idOperacao));
CREATE TABLE semeadura (idOperacao number(10) NOT NULL, idCultura number(10) NOT NULL, quantidadeSemeada float(10) NOT NULL, PRIMARY KEY (idOperacao));
CREATE TABLE plantacao (idOperacao number(10) NOT NULL, idCultura number(10) NOT NULL, numPlantas number(10) NOT NULL, compasso float(10) NOT NULL, distanciaFilas float(10) NOT NULL, PRIMARY KEY (idOperacao));
CREATE TABLE monda (idOperacao number(10) NOT NULL, idCultura number(10) NOT NULL, area float(10) NOT NULL, PRIMARY KEY (idOperacao));
CREATE TABLE poda (idOperacao number(10) NOT NULL, idCultura number(10) NOT NULL, QuantidadePodada float(10) NOT NULL, PRIMARY KEY (idOperacao));
CREATE TABLE fertilizacao (idOperacao number(10) NOT NULL, idCultura number(10) NOT NULL, idModoDeAplicacao number(10) NOT NULL, PRIMARY KEY (idOperacao));
CREATE TABLE colheita (idOperacao number(10) NOT NULL, idCultura number(10) NOT NULL, quantidadeColhida float(10) NOT NULL, PRIMARY KEY (idOperacao));
CREATE TABLE incorporacaoSolo (idOperacao number(10) NOT NULL, idParcela number(10) NOT NULL, PRIMARY KEY (idOperacao));
CREATE TABLE mobilizacaoSolo (idOperacao number(10) NOT NULL, idParcela number(10) NOT NULL, PRIMARY KEY (idOperacao));
CREATE TABLE operacaoComFator (idOperacao number(10) NOT NULL, area float(10) NOT NULL, PRIMARY KEY (idOperacao));
CREATE TABLE aplicacaoDeFator (idOperacao number(10) NOT NULL, idFatorDeProducao number(10) NOT NULL, quantidade number(10), PRIMARY KEY (idOperacao, idFatorDeProducao));
CREATE TABLE fertirega (idOperacao number(10) NOT NULL, idMix number(10) NOT NULL, PRIMARY KEY (idOperacao, idMix));
CREATE TABLE mix (idMix number(10) NOT NULL, PRIMARY KEY (idMix));
CREATE TABLE receitaDoMix (idMix number(10) NOT NULL, idFatorDeProducao number(10) NOT NULL, quantidade float(10) NOT NULL, idUnidade number(10) NOT NULL, PRIMARY KEY (idMix, idFatorDeProducao));
CREATE TABLE unidade (idUnidade number(10) NOT NULL, unidade varchar2(255) NOT NULL UNIQUE, PRIMARY KEY (idUnidade));
CREATE TABLE logDeOperacoes (idOperacao number(10) NOT NULL, idTipoDeOperacao number(10) NOT NULL, dadosOperacao varchar2(255) NOT NULL, instanteDeCriacao timestamp(0) NOT NULL, PRIMARY KEY (idOperacao, idTipoDeOperacao));
CREATE TABLE tipoDeOperacao (idTipoDeOperacao number(10) NOT NULL, designacao varchar2(255) NOT NULL UNIQUE, PRIMARY KEY (idTipoDeOperacao));
CREATE TABLE tabelaAuxiliar (idFatorDeProducao number(10) NOT NULL, quantidade float(10) NOT NULL, idUnidade number(10) NOT NULL, PRIMARY KEY (idFatorDeProducao));
ALTER TABLE planta ADD CONSTRAINT FKplanta543564 FOREIGN KEY (idTipoProduto) REFERENCES produto (idTipoProduto);
ALTER TABLE cultura ADD CONSTRAINT FKcultura54749 FOREIGN KEY (idPlanta) REFERENCES planta (idPlanta);
ALTER TABLE fatorDeProducao ADD CONSTRAINT FKfatorDePro277544 FOREIGN KEY (idTipoFatorDeProducao) REFERENCES tipoFatorDeProducao (idTipoFatorDeProducao);
ALTER TABLE fatorDeProducao ADD CONSTRAINT FKfatorDePro416661 FOREIGN KEY (idFormulacao) REFERENCES formulacao (idFormulacao);
ALTER TABLE colheitaPrevista ADD CONSTRAINT FKcolheitaPr355475 FOREIGN KEY (idCultura) REFERENCES cultura (idCultura);
ALTER TABLE registoEstadoFenologico ADD CONSTRAINT FKregistoEst749834 FOREIGN KEY (idCultura) REFERENCES cultura (idCultura);
ALTER TABLE registoEstadoFenologico ADD CONSTRAINT FKregistoEst313914 FOREIGN KEY (idEstadoFenologico) REFERENCES estadoFenologico (idEstadoFenologico);
ALTER TABLE registoFichaTecnica ADD CONSTRAINT FKregistoFic117034 FOREIGN KEY (idFatorDeProducao) REFERENCES fatorDeProducao (idFatorDeProducao);
ALTER TABLE registoFichaTecnica ADD CONSTRAINT FKregistoFic409363 FOREIGN KEY (idComponente) REFERENCES componente (idComponente);
ALTER TABLE setorCultura ADD CONSTRAINT FKsetorCultu9424 FOREIGN KEY (idSetor) REFERENCES setorDeRega (idSetor);
ALTER TABLE setorCultura ADD CONSTRAINT FKsetorCultu643735 FOREIGN KEY (idCultura) REFERENCES cultura (idCultura);
ALTER TABLE planta ADD CONSTRAINT FKplanta42303 FOREIGN KEY (idTipoCultura) REFERENCES tipoCultura (idTipoCultura);
ALTER TABLE rega ADD CONSTRAINT FKrega729846 FOREIGN KEY (idOperacao) REFERENCES operacaoAgricola (idOperacao);
ALTER TABLE plantacao ADD CONSTRAINT FKplantacao383772 FOREIGN KEY (idOperacao) REFERENCES operacaoAgricola (idOperacao);
ALTER TABLE poda ADD CONSTRAINT FKpoda679781 FOREIGN KEY (idOperacao) REFERENCES operacaoAgricola (idOperacao);
ALTER TABLE semeadura ADD CONSTRAINT FKsemeadura458526 FOREIGN KEY (idOperacao) REFERENCES operacaoAgricola (idOperacao);
ALTER TABLE colheita ADD CONSTRAINT FKcolheita565475 FOREIGN KEY (idOperacao) REFERENCES operacaoAgricola (idOperacao);
ALTER TABLE monda ADD CONSTRAINT FKmonda312919 FOREIGN KEY (idOperacao) REFERENCES operacaoAgricola (idOperacao);
ALTER TABLE cultura ADD CONSTRAINT FKcultura850567 FOREIGN KEY (idParcela) REFERENCES parcela (idParcela);
ALTER TABLE incorporacaoSolo ADD CONSTRAINT FKincorporac342530 FOREIGN KEY (idParcela) REFERENCES parcela (idParcela);
ALTER TABLE mobilizacaoSolo ADD CONSTRAINT FKmobilizaca437190 FOREIGN KEY (idParcela) REFERENCES parcela (idParcela);
ALTER TABLE rega ADD CONSTRAINT FKrega659980 FOREIGN KEY (idCultura) REFERENCES cultura (idCultura);
ALTER TABLE poda ADD CONSTRAINT FKpoda609915 FOREIGN KEY (idCultura) REFERENCES cultura (idCultura);
ALTER TABLE semeadura ADD CONSTRAINT FKsemeadura388660 FOREIGN KEY (idCultura) REFERENCES cultura (idCultura);
ALTER TABLE colheita ADD CONSTRAINT FKcolheita495609 FOREIGN KEY (idCultura) REFERENCES cultura (idCultura);
ALTER TABLE plantacao ADD CONSTRAINT FKplantacao453638 FOREIGN KEY (idCultura) REFERENCES cultura (idCultura);
ALTER TABLE monda ADD CONSTRAINT FKmonda243053 FOREIGN KEY (idCultura) REFERENCES cultura (idCultura);
ALTER TABLE fertilizacao ADD CONSTRAINT FKfertilizac428092 FOREIGN KEY (idCultura) REFERENCES cultura (idCultura);
ALTER TABLE fertilizacao ADD CONSTRAINT FKfertilizac470050 FOREIGN KEY (idModoDeAplicacao) REFERENCES modoDeAplicacao (idModoDeAplicacao);
ALTER TABLE operacaoComFator ADD CONSTRAINT FKoperacaoCo656115 FOREIGN KEY (idOperacao) REFERENCES operacaoAgricola (idOperacao);
ALTER TABLE fertilizacao ADD CONSTRAINT FKfertilizac835462 FOREIGN KEY (idOperacao) REFERENCES operacaoComFator (idOperacao);
ALTER TABLE mobilizacaoSolo ADD CONSTRAINT FKmobilizaca614332 FOREIGN KEY (idOperacao) REFERENCES operacaoComFator (idOperacao);
ALTER TABLE incorporacaoSolo ADD CONSTRAINT FKincorporac262598 FOREIGN KEY (idOperacao) REFERENCES operacaoComFator (idOperacao);
ALTER TABLE aplicacaoDeFator ADD CONSTRAINT FKaplicacaoD655874 FOREIGN KEY (idOperacao) REFERENCES operacaoComFator (idOperacao);
ALTER TABLE aplicacaoDeFator ADD CONSTRAINT FKaplicacaoD928256 FOREIGN KEY (idFatorDeProducao) REFERENCES fatorDeProducao (idFatorDeProducao);
ALTER TABLE fertirega ADD CONSTRAINT FKfertirega918626 FOREIGN KEY (idOperacao) REFERENCES rega (idOperacao);
ALTER TABLE receitaDoMix ADD CONSTRAINT FKreceitaDoM869278 FOREIGN KEY (idMix) REFERENCES mix (idMix);
ALTER TABLE receitaDoMix ADD CONSTRAINT FKreceitaDoM436399 FOREIGN KEY (idFatorDeProducao) REFERENCES fatorDeProducao (idFatorDeProducao);
ALTER TABLE receitaDoMix ADD CONSTRAINT FKreceitaDoM553728 FOREIGN KEY (idUnidade) REFERENCES unidade (idUnidade);
ALTER TABLE fertirega ADD CONSTRAINT FKfertirega237926 FOREIGN KEY (idMix) REFERENCES mix (idMix);
ALTER TABLE logDeOperacoes ADD CONSTRAINT FKlogDeOpera302675 FOREIGN KEY (idOperacao) REFERENCES operacaoAgricola (idOperacao);
ALTER TABLE logDeOperacoes ADD CONSTRAINT FKlogDeOpera751956 FOREIGN KEY (idTipoDeOperacao) REFERENCES tipoDeOperacao (idTipoDeOperacao);


INSERT INTO parcela (idParcela, designacao, area)  values (101, 'Campo da bouça', 1.2);
INSERT INTO parcela (idParcela, designacao, area)  values (102, 'Campo grande', 3);
INSERT INTO parcela (idParcela, designacao, area)  values (103, 'Campo do poço', 1.5);
INSERT INTO parcela (idParcela, designacao, area)  values (104, 'Lameiro da ponte', 0.8);
INSERT INTO parcela (idParcela, designacao, area)  values (105, 'Lameiro do moinho', 1.1);
INSERT INTO parcela (idParcela, designacao, area)  values (106, 'Horta nova', 0.3);
INSERT INTO parcela (idParcela, designacao, area)  values (107, 'Vinha', 2);
INSERT INTO parcela (idParcela, designacao, area)  values (108, 'Campo Novo', 1.1);


INSERT INTO setorDeRega (idSetor, caudalMax, dataInicio, dataFim)  values (10, 2500, TO_DATE('01/05/2017', 'DD/MM/YYYY'), NULL);
INSERT INTO setorDeRega (idSetor, caudalMax, dataInicio, dataFim)  values (11, 1500, TO_DATE('01/05/2017', 'DD/MM/YYYY'), NULL);
INSERT INTO setorDeRega (idSetor, caudalMax, dataInicio, dataFim)  values (21, 3500, TO_DATE('01/05/2017', 'DD/MM/YYYY'), NULL);
INSERT INTO setorDeRega (idSetor, caudalMax, dataInicio, dataFim)  values (22, 3500, TO_DATE('01/05/2019', 'DD/MM/YYYY'), NULL);
INSERT INTO setorDeRega (idSetor, caudalMax, dataInicio, dataFim)  values (41, 2500, TO_DATE('01/04/2023', 'DD/MM/YYYY'), TO_DATE('10/10/2023', 'DD/MM/YYYY') );
INSERT INTO setorDeRega (idSetor, caudalMax, dataInicio, dataFim)  values (42, 3500, TO_DATE('01/04/2023', 'DD/MM/YYYY'), TO_DATE('10/10/2023', 'DD/MM/YYYY') );


INSERT INTO produto (idTipoProduto, tipoProduto)  values (1, 'Ameixa');
INSERT INTO produto (idTipoProduto, tipoProduto)  values (2, 'Damásco');
INSERT INTO produto (idTipoProduto, tipoProduto)  values (3, 'Maçã');
INSERT INTO produto (idTipoProduto, tipoProduto)  values (4, 'Pera');
INSERT INTO produto (idTipoProduto, tipoProduto)  values (5, 'Cenoura');
INSERT INTO produto (idTipoProduto, tipoProduto)  values (6, 'Tremoço');
INSERT INTO produto (idTipoProduto, tipoProduto)  values (7, 'Milho');
INSERT INTO produto (idTipoProduto, tipoProduto)  values (8, 'Nabo Greleiro');
INSERT INTO produto (idTipoProduto, tipoProduto)  values (9, 'Azeitona');
INSERT INTO produto (idTipoProduto, tipoProduto)  values (10, 'Nabo');
INSERT INTO produto (idTipoProduto, tipoProduto)  values (11, 'Uva');
INSERT INTO produto (idTipoProduto, tipoProduto)  values (12, 'Abóbora manteiga');


INSERT INTO tipoCultura (idTipoCultura, tipoCultura)  values (1, 'Temporária');
INSERT INTO tipoCultura (idTipoCultura, tipoCultura)  values (2, 'Permanente');


INSERT INTO planta (idPlanta, nome, especie, variedade, idTipoProduto, idTipoCultura)  values (1, 'Ameixoeira', 'Prunus domestica', 'Rainha Claudia Caranguejeira', 1, 2);
INSERT INTO planta (idPlanta, nome, especie, variedade, idTipoProduto, idTipoCultura)  values (2, 'Ameixoeira', 'Prunus domestica', 'President', 1, 2);
INSERT INTO planta (idPlanta, nome, especie, variedade, idTipoProduto, idTipoCultura)  values (3, 'Ameixoeira', 'Prunus domestica', 'Stanley', 1, 2);
INSERT INTO planta (idPlanta, nome, especie, variedade, idTipoProduto, idTipoCultura)  values (4, 'Ameixoeira', 'Prunus domestica', 'Angeleno', 1, 2);
INSERT INTO planta (idPlanta, nome, especie, variedade, idTipoProduto, idTipoCultura)  values (5, 'Ameixoeira', 'Prunus domestica', 'Black Beauty', 1, 2);
INSERT INTO planta (idPlanta, nome, especie, variedade, idTipoProduto, idTipoCultura)  values (6, 'Ameixoeira', 'Prunus domestica', 'Black Star', 1, 2);
INSERT INTO planta (idPlanta, nome, especie, variedade, idTipoProduto, idTipoCultura)  values (7, 'Ameixoeira', 'Prunus domestica', 'Black Gold', 1, 2);
INSERT INTO planta (idPlanta, nome, especie, variedade, idTipoProduto, idTipoCultura)  values (8, 'Ameixoeira', 'Prunus domestica', 'Black Diamond', 1, 2);
INSERT INTO planta (idPlanta, nome, especie, variedade, idTipoProduto, idTipoCultura)  values (9, 'Ameixoeira', 'Prunus domestica', 'Black Amber', 1, 2);
INSERT INTO planta (idPlanta, nome, especie, variedade, idTipoProduto, idTipoCultura)  values (10, 'Ameixoeira', 'Prunus domestica', 'Black Splendor', 1, 2);
INSERT INTO planta (idPlanta, nome, especie, variedade, idTipoProduto, idTipoCultura)  values (11, 'Ameixoeira', 'Prunus domestica', 'Fortuna', 1, 2);
INSERT INTO planta (idPlanta, nome, especie, variedade, idTipoProduto, idTipoCultura)  values (12, 'Ameixoeira', 'Prunus domestica', 'Friar', 1, 2);
INSERT INTO planta (idPlanta, nome, especie, variedade, idTipoProduto, idTipoCultura)  values (13, 'Ameixoeira', 'Prunus domestica', 'El Dorado', 1, 2);
INSERT INTO planta (idPlanta, nome, especie, variedade, idTipoProduto, idTipoCultura)  values (14, 'Ameixoeira', 'Prunus domestica', 'Elephant Heart', 1, 2);
INSERT INTO planta (idPlanta, nome, especie, variedade, idTipoProduto, idTipoCultura)  values (15, 'Ameixoeira', 'Prunus domestica', 'Golden Japan', 1, 2);
INSERT INTO planta (idPlanta, nome, especie, variedade, idTipoProduto, idTipoCultura)  values (16, 'Ameixoeira', 'Prunus domestica', 'Harry Pitchon', 1, 2);
INSERT INTO planta (idPlanta, nome, especie, variedade, idTipoProduto, idTipoCultura)  values (17, 'Ameixoeira', 'Prunus domestica', 'Laetitia', 1, 2);
INSERT INTO planta (idPlanta, nome, especie, variedade, idTipoProduto, idTipoCultura)  values (18, 'Ameixoeira', 'Prunus domestica', 'Metley', 1, 2);
INSERT INTO planta (idPlanta, nome, especie, variedade, idTipoProduto, idTipoCultura)  values (19, 'Ameixoeira', 'Prunus domestica', 'Mirabelle De Nancy', 1, 2);
INSERT INTO planta (idPlanta, nome, especie, variedade, idTipoProduto, idTipoCultura)  values (20, 'Ameixoeira', 'Prunus domestica', 'Queen Rose', 1, 2);
INSERT INTO planta (idPlanta, nome, especie, variedade, idTipoProduto, idTipoCultura)  values (21, 'Ameixoeira', 'Prunus domestica', 'Red Beaut', 1, 2);
INSERT INTO planta (idPlanta, nome, especie, variedade, idTipoProduto, idTipoCultura)  values (22, 'Ameixoeira', 'Prunus domestica', 'Santa Rosa', 1, 2);
INSERT INTO planta (idPlanta, nome, especie, variedade, idTipoProduto, idTipoCultura)  values (23, 'Ameixoeira', 'Prunus domestica', 'Shiro', 1, 2);
INSERT INTO planta (idPlanta, nome, especie, variedade, idTipoProduto, idTipoCultura)  values (24, 'Ameixoeira', 'Prunus domestica', 'Sungold', 1, 2);
INSERT INTO planta (idPlanta, nome, especie, variedade, idTipoProduto, idTipoCultura)  values (25, 'Ameixoeira', 'Prunus domestica', 'Wilson Perfection', 1, 2);
INSERT INTO planta (idPlanta, nome, especie, variedade, idTipoProduto, idTipoCultura)  values (26, 'Ameixoeira', 'Prunus domestica', 'Autumn Giant', 1, 2);
INSERT INTO planta (idPlanta, nome, especie, variedade, idTipoProduto, idTipoCultura)  values (27, 'Damasqueiro', 'Prunus armeniaca', 'Bulida', 2, 2);
INSERT INTO planta (idPlanta, nome, especie, variedade, idTipoProduto, idTipoCultura)  values (28, 'Damasqueiro', 'Prunus armeniaca', 'Canino', 2, 2);
INSERT INTO planta (idPlanta, nome, especie, variedade, idTipoProduto, idTipoCultura)  values (29, 'Damasqueiro', 'Prunus armeniaca', 'Liabaud', 2, 2);
INSERT INTO planta (idPlanta, nome, especie, variedade, idTipoProduto, idTipoCultura)  values (30, 'Damasqueiro', 'Prunus armeniaca', 'Maillot Jaune', 2, 2);
INSERT INTO planta (idPlanta, nome, especie, variedade, idTipoProduto, idTipoCultura)  values (31, 'Damasqueiro', 'Prunus armeniaca', 'Polonais', 2, 2);
INSERT INTO planta (idPlanta, nome, especie, variedade, idTipoProduto, idTipoCultura)  values (32, 'Macieira', 'Malus domestica', 'Akane', 3, 2);
INSERT INTO planta (idPlanta, nome, especie, variedade, idTipoProduto, idTipoCultura)  values (33, 'Macieira', 'Malus domestica', 'Belgolden', 3, 2);
INSERT INTO planta (idPlanta, nome, especie, variedade, idTipoProduto, idTipoCultura)  values (34, 'Macieira', 'Malus domestica', 'Bravo De Esmolfe', 3, 2);
INSERT INTO planta (idPlanta, nome, especie, variedade, idTipoProduto, idTipoCultura)  values (35, 'Macieira', 'Malus domestica', 'Casa Nova De Alcobaça', 3, 2);
INSERT INTO planta (idPlanta, nome, especie, variedade, idTipoProduto, idTipoCultura)  values (36, 'Macieira', 'Malus domestica', 'Erovan', 3, 2);
INSERT INTO planta (idPlanta, nome, especie, variedade, idTipoProduto, idTipoCultura)  values (37, 'Macieira', 'Malus domestica', 'Fuji', 3, 2);
INSERT INTO planta (idPlanta, nome, especie, variedade, idTipoProduto, idTipoCultura)  values (38, 'Macieira', 'Malus domestica', 'Granny Smith', 3, 2);
INSERT INTO planta (idPlanta, nome, especie, variedade, idTipoProduto, idTipoCultura)  values (39, 'Macieira', 'Malus domestica', 'Golden Delicious', 3, 2);
INSERT INTO planta (idPlanta, nome, especie, variedade, idTipoProduto, idTipoCultura)  values (40, 'Macieira', 'Malus domestica', 'Hi-Early', 3, 2);
INSERT INTO planta (idPlanta, nome, especie, variedade, idTipoProduto, idTipoCultura)  values (41, 'Macieira', 'Malus domestica', 'Jonagored', 3, 2);
INSERT INTO planta (idPlanta, nome, especie, variedade, idTipoProduto, idTipoCultura)  values (42, 'Macieira', 'Malus domestica', 'Lysgolden', 3, 2);
INSERT INTO planta (idPlanta, nome, especie, variedade, idTipoProduto, idTipoCultura)  values (43, 'Macieira', 'Malus domestica', 'Mutsu', 3, 2);
INSERT INTO planta (idPlanta, nome, especie, variedade, idTipoProduto, idTipoCultura)  values (44, 'Macieira', 'Malus domestica', 'Porta Da Loja', 3, 2);
INSERT INTO planta (idPlanta, nome, especie, variedade, idTipoProduto, idTipoCultura)  values (45, 'Macieira', 'Malus domestica', 'Reinette ou Canada', 3, 2);
INSERT INTO planta (idPlanta, nome, especie, variedade, idTipoProduto, idTipoCultura)  values (46, 'Macieira', 'Malus domestica', 'Reinette ou Grand Fay', 3, 2);
INSERT INTO planta (idPlanta, nome, especie, variedade, idTipoProduto, idTipoCultura)  values (47, 'Macieira', 'Malus domestica', 'Riscadinha De Palmela', 3, 2);
INSERT INTO planta (idPlanta, nome, especie, variedade, idTipoProduto, idTipoCultura)  values (48, 'Macieira', 'Malus domestica', 'Royal Gala', 3, 2);
INSERT INTO planta (idPlanta, nome, especie, variedade, idTipoProduto, idTipoCultura)  values (49, 'Macieira', 'Malus domestica', 'RedChief', 3, 2);
INSERT INTO planta (idPlanta, nome, especie, variedade, idTipoProduto, idTipoCultura)  values (50, 'Macieira', 'Malus domestica', 'Starking', 3, 2);
INSERT INTO planta (idPlanta, nome, especie, variedade, idTipoProduto, idTipoCultura)  values (51, 'Macieira', 'Malus domestica', 'Summer Red', 3, 2);
INSERT INTO planta (idPlanta, nome, especie, variedade, idTipoProduto, idTipoCultura)  values (52, 'Macieira', 'Malus domestica', 'Well''Spur Delicious', 3, 2);
INSERT INTO planta (idPlanta, nome, especie, variedade, idTipoProduto, idTipoCultura)  values (53, 'Macieira', 'Malus domestica', 'Noiva', 3, 2);
INSERT INTO planta (idPlanta, nome, especie, variedade, idTipoProduto, idTipoCultura)  values (54, 'Macieira', 'Malus domestica', 'Olho Aberto', 3, 2);
INSERT INTO planta (idPlanta, nome, especie, variedade, idTipoProduto, idTipoCultura)  values (55, 'Macieira', 'Malus domestica', 'Camoesa Rosa', 3, 2);
INSERT INTO planta (idPlanta, nome, especie, variedade, idTipoProduto, idTipoCultura)  values (56, 'Macieira', 'Malus domestica', 'Malápio', 3, 2);
INSERT INTO planta (idPlanta, nome, especie, variedade, idTipoProduto, idTipoCultura)  values (57, 'Macieira', 'Malus domestica', 'Gronho Doce', 3, 2);
INSERT INTO planta (idPlanta, nome, especie, variedade, idTipoProduto, idTipoCultura)  values (58, 'Macieira', 'Malus domestica', 'Pé De BoiNBSP', 3, 2);
INSERT INTO planta (idPlanta, nome, especie, variedade, idTipoProduto, idTipoCultura)  values (59, 'Macieira', 'Malus domestica', 'Pinova', 3, 2);
INSERT INTO planta (idPlanta, nome, especie, variedade, idTipoProduto, idTipoCultura)  values (60, 'Macieira', 'Malus domestica', 'Pardo Lindo', 3, 2);
INSERT INTO planta (idPlanta, nome, especie, variedade, idTipoProduto, idTipoCultura)  values (61, 'Macieira', 'Malus domestica', 'Pipo De Basto', 3, 2);
INSERT INTO planta (idPlanta, nome, especie, variedade, idTipoProduto, idTipoCultura)  values (62, 'Macieira', 'Malus domestica', 'Prima', 3, 2);
INSERT INTO planta (idPlanta, nome, especie, variedade, idTipoProduto, idTipoCultura)  values (63, 'Macieira', 'Malus domestica', 'Querina', 3, 2);
INSERT INTO planta (idPlanta, nome, especie, variedade, idTipoProduto, idTipoCultura)  values (64, 'Macieira', 'Malus domestica', 'Vista Bella', 3, 2);
INSERT INTO planta (idPlanta, nome, especie, variedade, idTipoProduto, idTipoCultura)  values (65, 'Macieira', 'Malus domestica', 'Golden Smoothee', 3, 2);
INSERT INTO planta (idPlanta, nome, especie, variedade, idTipoProduto, idTipoCultura)  values (66, 'Macieira', 'Malus domestica', 'Golden Suprema', 3, 2);
INSERT INTO planta (idPlanta, nome, especie, variedade, idTipoProduto, idTipoCultura)  values (67, 'Macieira', 'Malus domestica', 'Gloster 69', 3, 2);
INSERT INTO planta (idPlanta, nome, especie, variedade, idTipoProduto, idTipoCultura)  values (68, 'Macieira', 'Malus domestica', 'Freedom', 3, 2);
INSERT INTO planta (idPlanta, nome, especie, variedade, idTipoProduto, idTipoCultura)  values (69, 'Pera Nashi', 'Pyrus pyrifolia', 'Sninseiki', 4, 2);
INSERT INTO planta (idPlanta, nome, especie, variedade, idTipoProduto, idTipoCultura)  values (70, 'Pera Nashi', 'Pyrus pyrifolia', 'Kumoi', 4, 2);
INSERT INTO planta (idPlanta, nome, especie, variedade, idTipoProduto, idTipoCultura)  values (71, 'Pera Nashi', 'Pyrus pyrifolia', 'Hosui', 4, 2);
INSERT INTO planta (idPlanta, nome, especie, variedade, idTipoProduto, idTipoCultura)  values (72, 'Pera Nashi', 'Pyrus pyrifolia', 'Nijisseiki', 4, 2);
INSERT INTO planta (idPlanta, nome, especie, variedade, idTipoProduto, idTipoCultura)  values (73, 'Cenoura', 'Daucus carota subsp. Sativus', 'Carson Hybrid', 5, 1);
INSERT INTO planta (idPlanta, nome, especie, variedade, idTipoProduto, idTipoCultura)  values (74, 'Cenoura', 'Daucus carota subsp. Sativus', 'Red Cored Chantenay', 5, 1);
INSERT INTO planta (idPlanta, nome, especie, variedade, idTipoProduto, idTipoCultura)  values (75, 'Cenoura', 'Daucus carota subsp. Sativus', 'Danvers Half Long', 5, 1);
INSERT INTO planta (idPlanta, nome, especie, variedade, idTipoProduto, idTipoCultura)  values (76, 'Cenoura', 'Daucus carota subsp. Sativus', 'Imperator 58', 5, 1);
INSERT INTO planta (idPlanta, nome, especie, variedade, idTipoProduto, idTipoCultura)  values (77, 'Cenoura', 'Daucus carota subsp. Sativus', 'Sugarsnax Hybrid', 5, 1);
INSERT INTO planta (idPlanta, nome, especie, variedade, idTipoProduto, idTipoCultura)  values (78, 'Cenoura', 'Daucus carota subsp. Sativus', 'Nelson Hybrid', 5, 1);
INSERT INTO planta (idPlanta, nome, especie, variedade, idTipoProduto, idTipoCultura)  values (79, 'Cenoura', 'Daucus carota subsp. Sativus', 'Scarlet Nantes', 5, 1);
INSERT INTO planta (idPlanta, nome, especie, variedade, idTipoProduto, idTipoCultura)  values (80, 'Tremoço', 'Lupinus luteus', 'Amarelo', 6, 1);
INSERT INTO planta (idPlanta, nome, especie, variedade, idTipoProduto, idTipoCultura)  values (81, 'Tremoço', 'Lupinus albus', 'Branco', 6, 1);
INSERT INTO planta (idPlanta, nome, especie, variedade, idTipoProduto, idTipoCultura)  values (82, 'Milho', 'Zea mays', 'MAS 24.C', 7, 1);
INSERT INTO planta (idPlanta, nome, especie, variedade, idTipoProduto, idTipoCultura)  values (83, 'Milho', 'Zea mays', 'Doce Golden Bantam', 7, 1);
INSERT INTO planta (idPlanta, nome, especie, variedade, idTipoProduto, idTipoCultura)  values (84, 'Nabo greleiro', 'Brassica rapa', 'Senhora Conceição', 8, 1);
INSERT INTO planta (idPlanta, nome, especie, variedade, idTipoProduto, idTipoCultura)  values (85, 'Oliveira', 'Olea europaea', 'Cobrançosa', 9, 2);
INSERT INTO planta (idPlanta, nome, especie, variedade, idTipoProduto, idTipoCultura)  values (86, 'Oliveira', 'Olea europaea', 'Arbequina', 9, 2);
INSERT INTO planta (idPlanta, nome, especie, variedade, idTipoProduto, idTipoCultura)  values (87, 'Oliveira', 'Olea europaea', 'Hojiblanca', 9, 2);
INSERT INTO planta (idPlanta, nome, especie, variedade, idTipoProduto, idTipoCultura)  values (88, 'Oliveira', 'Olea europaea', 'Negrinha Do Freixo', 9, 2);
INSERT INTO planta (idPlanta, nome, especie, variedade, idTipoProduto, idTipoCultura)  values (89, 'Oliveira', 'Olea europaea', 'Picual', 9, 2);
INSERT INTO planta (idPlanta, nome, especie, variedade, idTipoProduto, idTipoCultura)  values (90, 'Oliveira', 'Olea europaea', 'Maçanilha', 9, 2);
INSERT INTO planta (idPlanta, nome, especie, variedade, idTipoProduto, idTipoCultura)  values (91, 'Oliveira', 'Olea europaea', 'Conserva De Elvas', 9, 2);
INSERT INTO planta (idPlanta, nome, especie, variedade, idTipoProduto, idTipoCultura)  values (92, 'Oliveira', 'Olea europaea', 'Galega', 9, 2);
INSERT INTO planta (idPlanta, nome, especie, variedade, idTipoProduto, idTipoCultura)  values (93, 'Nabo', 'Brassica rapa', 'S. Cosme', 10, 1);
INSERT INTO planta (idPlanta, nome, especie, variedade, idTipoProduto, idTipoCultura)  values (94, 'Videira', 'Vitis vinifera', 'Dona Maria', 11, 2);
INSERT INTO planta (idPlanta, nome, especie, variedade, idTipoProduto, idTipoCultura)  values (95, 'Videira', 'Vitis vinifera', 'Cardinal', 11, 2);
INSERT INTO planta (idPlanta, nome, especie, variedade, idTipoProduto, idTipoCultura)  values (96, 'Abóbora manteiga', 'Cucurbita moschata', 'Butternut', 12, 1);


INSERT INTO cultura (idCultura, idPlanta, idParcela, dataInicio, dataFim, area)  values (1 , 80, 101, TO_DATE('10/10/2020', 'DD/MM/YYYY'), TO_DATE('30/03/2021', 'DD/MM/YYYY'),1.1);
INSERT INTO cultura (idCultura, idPlanta, idParcela, dataInicio, dataFim, area)  values (2 , 83, 101, TO_DATE('10/04/2021', 'DD/MM/YYYY'), TO_DATE('12/08/2021', 'DD/MM/YYYY'),0.9);
INSERT INTO cultura (idCultura, idPlanta, idParcela, dataInicio, dataFim, area)  values (3 , 80, 101, TO_DATE('03/10/2021', 'DD/MM/YYYY'), TO_DATE('05/04/2022', 'DD/MM/YYYY'),1.1);
INSERT INTO cultura (idCultura, idPlanta, idParcela, dataInicio, dataFim, area)  values (4 , 83, 101, TO_DATE('15/04/2022', 'DD/MM/YYYY'), TO_DATE('21/08/2022', 'DD/MM/YYYY'),0.9);
INSERT INTO cultura (idCultura, idPlanta, idParcela, dataInicio, dataFim, area)  values (5 , 82, 103, TO_DATE('05/04/2020', 'DD/MM/YYYY'), TO_DATE('20/08/2020', 'DD/MM/YYYY'),1.2);
INSERT INTO cultura (idCultura, idPlanta, idParcela, dataInicio, dataFim, area)  values (6 , 80, 103, TO_DATE('12/10/2020', 'DD/MM/YYYY'), TO_DATE('15/03/2021', 'DD/MM/YYYY'),1.3);
INSERT INTO cultura (idCultura, idPlanta, idParcela, dataInicio, dataFim, area)  values (7 , 82, 103, TO_DATE('03/04/2021', 'DD/MM/YYYY'), TO_DATE('25/08/2021', 'DD/MM/YYYY'),1.2);
INSERT INTO cultura (idCultura, idPlanta, idParcela, dataInicio, dataFim, area)  values (8 , 80, 103, TO_DATE('06/10/2021', 'DD/MM/YYYY'), TO_DATE('19/03/2022', 'DD/MM/YYYY'),1.3);
INSERT INTO cultura (idCultura, idPlanta, idParcela, dataInicio, dataFim, area)  values (9 , 82, 103, TO_DATE('08/04/2022', 'DD/MM/YYYY'), TO_DATE('18/08/2022', 'DD/MM/YYYY'),1.2);
INSERT INTO cultura (idCultura, idPlanta, idParcela, dataInicio, dataFim, area)  values (10 , 80, 103, TO_DATE('12/10/2022', 'DD/MM/YYYY'), TO_DATE('20/03/2023', 'DD/MM/YYYY'),1.3);
INSERT INTO cultura (idCultura, idPlanta, idParcela, dataInicio, dataFim, area)  values (11 , 92, 102, TO_DATE('06/10/2016', 'DD/MM/YYYY'), NULL,0.135);
INSERT INTO cultura (idCultura, idPlanta, idParcela, dataInicio, dataFim, area)  values (12 , 89, 102, TO_DATE('10/10/2016', 'DD/MM/YYYY'), NULL,0.09);
INSERT INTO cultura (idCultura, idPlanta, idParcela, dataInicio, dataFim, area)  values (13 , 79, 106, TO_DATE('10/03/2020', 'DD/MM/YYYY'), TO_DATE('15/05/2020', 'DD/MM/YYYY'),0.15);
INSERT INTO cultura (idCultura, idPlanta, idParcela, dataInicio, dataFim, area)  values (14 , 78, 106, TO_DATE('02/06/2020', 'DD/MM/YYYY'), TO_DATE('08/09/2020', 'DD/MM/YYYY'),0.1);
INSERT INTO cultura (idCultura, idPlanta, idParcela, dataInicio, dataFim, area)  values (15 , 93, 106, TO_DATE('20/09/2020', 'DD/MM/YYYY'), TO_DATE('10/01/2021', 'DD/MM/YYYY'),0.2);
INSERT INTO cultura (idCultura, idPlanta, idParcela, dataInicio, dataFim, area)  values (16 , 77, 106, TO_DATE('10/03/2021', 'DD/MM/YYYY'), TO_DATE('15/05/2021', 'DD/MM/YYYY'),0.15);
INSERT INTO cultura (idCultura, idPlanta, idParcela, dataInicio, dataFim, area)  values (17 , 75, 106, TO_DATE('02/06/2021', 'DD/MM/YYYY'), TO_DATE('08/09/2021', 'DD/MM/YYYY'),0.1);
INSERT INTO cultura (idCultura, idPlanta, idParcela, dataInicio, dataFim, area)  values (18 , 93, 106, TO_DATE('20/09/2021', 'DD/MM/YYYY'), TO_DATE('10/01/2022', 'DD/MM/YYYY'),0.2);
INSERT INTO cultura (idCultura, idPlanta, idParcela, dataInicio, dataFim, area)  values (19 , 77, 106, TO_DATE('06/03/2022', 'DD/MM/YYYY'), TO_DATE('16/05/2022', 'DD/MM/YYYY'),0.15);
INSERT INTO cultura (idCultura, idPlanta, idParcela, dataInicio, dataFim, area)  values (20 , 78, 106, TO_DATE('30/05/2022', 'DD/MM/YYYY'), TO_DATE('05/09/2022', 'DD/MM/YYYY'),0.15);
INSERT INTO cultura (idCultura, idPlanta, idParcela, dataInicio, dataFim, area)  values (21 , 93, 106, TO_DATE('20/09/2022', 'DD/MM/YYYY'), TO_DATE('14/01/2023', 'DD/MM/YYYY'),0.25);
INSERT INTO cultura (idCultura, idPlanta, idParcela, dataInicio, dataFim, area)  values (22 , 41, 104, TO_DATE('07/01/2017', 'DD/MM/YYYY'), NULL,0.225);
INSERT INTO cultura (idCultura, idPlanta, idParcela, dataInicio, dataFim, area)  values (23 , 37, 104, TO_DATE('08/01/2017', 'DD/MM/YYYY'), NULL,0.15);
INSERT INTO cultura (idCultura, idPlanta, idParcela, dataInicio, dataFim, area)  values (24 , 48, 104, TO_DATE('08/01/2017', 'DD/MM/YYYY'), NULL,0.1);
INSERT INTO cultura (idCultura, idPlanta, idParcela, dataInicio, dataFim, area)  values (25 , 48, 104, TO_DATE('10/12/2018', 'DD/MM/YYYY'), NULL,0.075);
--INSERT INTO cultura (idCultura, idPlanta, idParcela, dataInicio, dataFim, area)  values (26 , 94, 107, TO_DATE('10/01/2018', 'DD/MM/YYYY'), NULL,500);
--INSERT INTO cultura (idCultura, idPlanta, idParcela, dataInicio, dataFim, area)  values (27 , 95, 107, TO_DATE('11/01/2018', 'DD/MM/YYYY'), NULL,700);
INSERT INTO cultura (idCultura, idPlanta, idParcela, dataInicio, dataFim, area)  values (28 , 44, 105, TO_DATE('09/01/2019', 'DD/MM/YYYY'), NULL,0.125);
INSERT INTO cultura (idCultura, idPlanta, idParcela, dataInicio, dataFim, area)  values (29 , 56, 105, TO_DATE('09/01/2019', 'DD/MM/YYYY'), NULL,0.05);
INSERT INTO cultura (idCultura, idPlanta, idParcela, dataInicio, dataFim, area)  values (30 , 61, 105, TO_DATE('10/01/2019', 'DD/MM/YYYY'), NULL,0.1);
INSERT INTO cultura (idCultura, idPlanta, idParcela, dataInicio, dataFim, area)  values (31 , 45, 105, TO_DATE('10/01/2019', 'DD/MM/YYYY'), NULL,0.075);
INSERT INTO cultura (idCultura, idPlanta, idParcela, dataInicio, dataFim, area)  values (32 , 46, 105, TO_DATE('11/01/2019', 'DD/MM/YYYY'), NULL,0.1);
INSERT INTO cultura (idCultura, idPlanta, idParcela, dataInicio, dataFim, area)  values (33 , 57, 105, TO_DATE('11/01/2019', 'DD/MM/YYYY'), NULL,0.125);
INSERT INTO cultura (idCultura, idPlanta, idParcela, dataInicio, dataFim, area)  values (34 , 86, 102, TO_DATE('12/10/2016', 'DD/MM/YYYY'), NULL,0.18); 
INSERT INTO cultura (idCultura, idPlanta, idParcela, dataInicio, dataFim, area)  values (35 , 77, 108, TO_DATE('05/04/2023', 'DD/MM/YYYY'), TO_DATE('25/09/2023', 'DD/MM/YYYY'),0.5);
INSERT INTO cultura (idCultura, idPlanta, idParcela, dataInicio, dataFim, area)  values (36 , 96, 108, TO_DATE('06/04/2023', 'DD/MM/YYYY'), TO_DATE('28/06/2023', 'DD/MM/YYYY'),0.6);
INSERT INTO cultura (idCultura, idPlanta, idParcela, dataInicio, dataFim, area)  values (37 , 75, 108, TO_DATE('05/07/2023', 'DD/MM/YYYY'), TO_DATE('05/10/2023', 'DD/MM/YYYY'),0.5);
INSERT INTO cultura (idCultura, idPlanta, idParcela, dataInicio, dataFim, area)  values (38 , 80, 108, TO_DATE('12/10/2023', 'DD/MM/YYYY'), NULL,1.1);


INSERT INTO setorCultura (idSetor, idCultura, dataInicio, dataFim)  values (10, 11, TO_DATE('01/05/2017', 'DD/MM/YYYY'), NULL);
INSERT INTO setorCultura (idSetor, idCultura, dataInicio, dataFim)  values (10, 12, TO_DATE('01/05/2017', 'DD/MM/YYYY'), NULL);
INSERT INTO setorCultura (idSetor, idCultura, dataInicio, dataFim)  values (11, 34, TO_DATE('01/05/2017', 'DD/MM/YYYY'), NULL);
INSERT INTO setorCultura (idSetor, idCultura, dataInicio, dataFim)  values (21, 22, TO_DATE('01/05/2017', 'DD/MM/YYYY'), NULL);
INSERT INTO setorCultura (idSetor, idCultura, dataInicio, dataFim)  values (21, 23, TO_DATE('01/05/2017', 'DD/MM/YYYY'), NULL);
INSERT INTO setorCultura (idSetor, idCultura, dataInicio, dataFim)  values (21, 24, TO_DATE('01/05/2017', 'DD/MM/YYYY'), NULL);
INSERT INTO setorCultura (idSetor, idCultura, dataInicio, dataFim)  values (21, 25, TO_DATE('01/05/2017', 'DD/MM/YYYY'), NULL);
INSERT INTO setorCultura (idSetor, idCultura, dataInicio, dataFim)  values (21, 30, TO_DATE('01/05/2017', 'DD/MM/YYYY'), NULL);
INSERT INTO setorCultura (idSetor, idCultura, dataInicio, dataFim)  values (22, 28, TO_DATE('01/05/2019', 'DD/MM/YYYY'), NULL);
INSERT INTO setorCultura (idSetor, idCultura, dataInicio, dataFim)  values (22, 29, TO_DATE('01/05/2019', 'DD/MM/YYYY'), NULL);
INSERT INTO setorCultura (idSetor, idCultura, dataInicio, dataFim)  values (22, 31, TO_DATE('01/05/2019', 'DD/MM/YYYY'), NULL);
INSERT INTO setorCultura (idSetor, idCultura, dataInicio, dataFim)  values (22, 32, TO_DATE('01/05/2019', 'DD/MM/YYYY'), NULL);
INSERT INTO setorCultura (idSetor, idCultura, dataInicio, dataFim)  values (22, 33, TO_DATE('01/05/2019', 'DD/MM/YYYY'), NULL);
INSERT INTO setorCultura (idSetor, idCultura, dataInicio, dataFim)  values (41, 35, TO_DATE('05/04/2023', 'DD/MM/YYYY'), TO_DATE('31/05/2023', 'DD/MM/YYYY') );
INSERT INTO setorCultura (idSetor, idCultura, dataInicio, dataFim)  values (41, 37, TO_DATE('05/07/2023', 'DD/MM/YYYY'), TO_DATE('08/10/2023', 'DD/MM/YYYY') );
INSERT INTO setorCultura (idSetor, idCultura, dataInicio, dataFim)  values (42, 36, TO_DATE('06/04/2023', 'DD/MM/YYYY'), TO_DATE('10/09/2023', 'DD/MM/YYYY') );


INSERT INTO tipoFatorDeProducao (idTipoFatorDeProducao, tipoFatorDeProducao)  values (1 , 'Fitofármaco');
INSERT INTO tipoFatorDeProducao (idTipoFatorDeProducao, tipoFatorDeProducao)  values (2 , 'Adubo');
INSERT INTO tipoFatorDeProducao (idTipoFatorDeProducao, tipoFatorDeProducao)  values (3 , 'Corretor');


INSERT INTO modoDeAplicacao (idModoDeAplicacao, modoDeAplicacao)  values (1 , 'Solo');
INSERT INTO modoDeAplicacao (idModoDeAplicacao, modoDeAplicacao)  values (2 , 'Foliar');
INSERT INTO modoDeAplicacao (idModoDeAplicacao, modoDeAplicacao)  values (3 , 'Sistema de Rega');


INSERT INTO formulacao (idFormulacao, formulacao)  values (1 , 'Pó molhável');
INSERT INTO formulacao (idFormulacao, formulacao)  values (2 , 'Granulado');
INSERT INTO formulacao (idFormulacao, formulacao)  values (3 , 'Pó');
INSERT INTO formulacao (idFormulacao, formulacao)  values (4 , 'Líquido');
INSERT INTO formulacao (idFormulacao, formulacao)  values (5 , 'Emulsão de óleo em água');


INSERT INTO fatorDeProducao (idFatorDeProducao, nomeComercial, idTipoFatorDeProducao, idFormulacao)  values (1 , 'Calda Bordalesa ASCENZA', 1, 1);
INSERT INTO fatorDeProducao (idFatorDeProducao, nomeComercial, idTipoFatorDeProducao, idFormulacao)  values (2 , 'Enxofre Bayer 80 WG', 1, 1);
INSERT INTO fatorDeProducao (idFatorDeProducao, nomeComercial, idTipoFatorDeProducao, idFormulacao)  values (3 , 'Patentkali', 2, 2);
INSERT INTO fatorDeProducao (idFatorDeProducao, nomeComercial, idTipoFatorDeProducao, idFormulacao)  values (4 , 'ESTA Kieserit', 2, 2);
INSERT INTO fatorDeProducao (idFatorDeProducao, nomeComercial, idTipoFatorDeProducao, idFormulacao)  values (5 , 'EPSO Microtop', 2, 2);
INSERT INTO fatorDeProducao (idFatorDeProducao, nomeComercial, idTipoFatorDeProducao, idFormulacao)  values (6 , 'EPSO Top', 2, 2);
INSERT INTO fatorDeProducao (idFatorDeProducao, nomeComercial, idTipoFatorDeProducao, idFormulacao)  values (7 , 'Biocal CaCo3', 3, 2);
INSERT INTO fatorDeProducao (idFatorDeProducao, nomeComercial, idTipoFatorDeProducao, idFormulacao)  values (8 , 'Biocal Composto', 3, 3);
INSERT INTO fatorDeProducao (idFatorDeProducao, nomeComercial, idTipoFatorDeProducao, idFormulacao)  values (9 , 'Sonata', 1, 4);
INSERT INTO fatorDeProducao (idFatorDeProducao, nomeComercial, idTipoFatorDeProducao, idFormulacao)  values (10 , 'FLiPPER', 1, 5);
INSERT INTO fatorDeProducao (idFatorDeProducao, nomeComercial, idTipoFatorDeProducao, idFormulacao)  values (11 , 'Requiem Prime', 1, 4);
INSERT INTO fatorDeProducao (idFatorDeProducao, nomeComercial, idTipoFatorDeProducao, idFormulacao)  values (12 , 'Fertimax Extrume de Cavalo', 2, 2);
INSERT INTO fatorDeProducao (idFatorDeProducao, nomeComercial, idTipoFatorDeProducao, idFormulacao)  values (13 , 'BIOFERTIL N6', 2, 2);
INSERT INTO fatorDeProducao (idFatorDeProducao, nomeComercial, idTipoFatorDeProducao, idFormulacao)  values (14 , 'Tecniferti MOL', 2, 2);
INSERT INTO fatorDeProducao (idFatorDeProducao, nomeComercial, idTipoFatorDeProducao, idFormulacao)  values (15 , 'soluSOP 52', 2, 1);
INSERT INTO fatorDeProducao (idFatorDeProducao, nomeComercial, idTipoFatorDeProducao, idFormulacao)  values (16 , 'Floracal Flow SL', 2, 2);
INSERT INTO fatorDeProducao (idFatorDeProducao, nomeComercial, idTipoFatorDeProducao, idFormulacao)  values (17 , 'Kiplant AllGrip', 2, 2);
INSERT INTO fatorDeProducao (idFatorDeProducao, nomeComercial, idTipoFatorDeProducao, idFormulacao)  values (18 , 'Cuperdem', 2, 2);


INSERT INTO componente (idComponente, designacao)  values (1 , 'Cu');
INSERT INTO componente (idComponente, designacao)  values (2 , 'Mg');
INSERT INTO componente (idComponente, designacao)  values (3 , 'S');
INSERT INTO componente (idComponente, designacao)  values (4 , 'B');
INSERT INTO componente (idComponente, designacao)  values (5 , 'Mn');
INSERT INTO componente (idComponente, designacao)  values (6 , 'MgCO3');
INSERT INTO componente (idComponente, designacao)  values (7 , 'MgO');
INSERT INTO componente (idComponente, designacao)  values (8 , 'CaCO3');
INSERT INTO componente (idComponente, designacao)  values (9 , 'Bacillus pumilus');
INSERT INTO componente (idComponente, designacao)  values (10 , 'Ácidos gordos (na forma de sais de potássio)');
INSERT INTO componente (idComponente, designacao)  values (11 , 'Terpenóides');
INSERT INTO componente (idComponente, designacao)  values (12 , 'K');
INSERT INTO componente (idComponente, designacao)  values (13 , 'Matéria Orgânica');
INSERT INTO componente (idComponente, designacao)  values (14 , 'N');
INSERT INTO componente (idComponente, designacao)  values (15 , 'P2O5');
INSERT INTO componente (idComponente, designacao)  values (16 , 'K2O');
INSERT INTO componente (idComponente, designacao)  values (17 , 'Ca');
INSERT INTO componente (idComponente, designacao)  values (18 , 'COT');
INSERT INTO componente (idComponente, designacao)  values (19 , 'AF');
INSERT INTO componente (idComponente, designacao)  values (20 , 'CaO');
INSERT INTO componente (idComponente, designacao)  values (21 , 'SO3');


INSERT INTO registoFichaTecnica (idFatorDeProducao, idComponente, quantidade)  values (1 , 1, 20);
INSERT INTO registoFichaTecnica (idFatorDeProducao, idComponente, quantidade)  values (2 , 3, 80);
INSERT INTO registoFichaTecnica (idFatorDeProducao, idComponente, quantidade)  values (3 , 12, 24.9);
INSERT INTO registoFichaTecnica (idFatorDeProducao, idComponente, quantidade)  values (3 , 2, 6);
INSERT INTO registoFichaTecnica (idFatorDeProducao, idComponente, quantidade)  values (3 , 3, 17.6);
INSERT INTO registoFichaTecnica (idFatorDeProducao, idComponente, quantidade)  values (4 , 2, 15.1);
INSERT INTO registoFichaTecnica (idFatorDeProducao, idComponente, quantidade)  values (4 , 3, 20.8);
INSERT INTO registoFichaTecnica (idFatorDeProducao, idComponente, quantidade)  values (5 , 2, 9);
INSERT INTO registoFichaTecnica (idFatorDeProducao, idComponente, quantidade)  values (5 , 3, 12.4);
INSERT INTO registoFichaTecnica (idFatorDeProducao, idComponente, quantidade)  values (5 , 4, 0.9);
INSERT INTO registoFichaTecnica (idFatorDeProducao, idComponente, quantidade)  values (5 , 5, 1);
INSERT INTO registoFichaTecnica (idFatorDeProducao, idComponente, quantidade)  values (6 , 2, 9.6);
INSERT INTO registoFichaTecnica (idFatorDeProducao, idComponente, quantidade)  values (6 , 3, 13);
INSERT INTO registoFichaTecnica (idFatorDeProducao, idComponente, quantidade)  values (7 , 8, 88.2);
INSERT INTO registoFichaTecnica (idFatorDeProducao, idComponente, quantidade)  values (7 , 6, 1.9);
INSERT INTO registoFichaTecnica (idFatorDeProducao, idComponente, quantidade)  values (8 , 8, 71.7);
INSERT INTO registoFichaTecnica (idFatorDeProducao, idComponente, quantidade)  values (8 , 6, 14.8);
INSERT INTO registoFichaTecnica (idFatorDeProducao, idComponente, quantidade)  values (8 , 7, 7.9);
INSERT INTO registoFichaTecnica (idFatorDeProducao, idComponente, quantidade)  values (9 , 9, 97.74);
INSERT INTO registoFichaTecnica (idFatorDeProducao, idComponente, quantidade)  values (10 , 10, 47.8);
INSERT INTO registoFichaTecnica (idFatorDeProducao, idComponente, quantidade)  values (11 , 11, 14.42);
INSERT INTO registoFichaTecnica (idFatorDeProducao, idComponente, quantidade)  values (12 , 13, 50);
INSERT INTO registoFichaTecnica (idFatorDeProducao, idComponente, quantidade)  values (12 , 14, 3);
INSERT INTO registoFichaTecnica (idFatorDeProducao, idComponente, quantidade)  values (12 , 15, 0.8);
INSERT INTO registoFichaTecnica (idFatorDeProducao, idComponente, quantidade)  values (12 , 16, 0.4);
INSERT INTO registoFichaTecnica (idFatorDeProducao, idComponente, quantidade)  values (12 , 17, 1.6);
INSERT INTO registoFichaTecnica (idFatorDeProducao, idComponente, quantidade)  values (12 , 7, 0.3);
INSERT INTO registoFichaTecnica (idFatorDeProducao, idComponente, quantidade)  values (12 , 4, 0.004);
INSERT INTO registoFichaTecnica (idFatorDeProducao, idComponente, quantidade)  values (13 , 13, 53);
INSERT INTO registoFichaTecnica (idFatorDeProducao, idComponente, quantidade)  values (13 , 14, 6.4);
INSERT INTO registoFichaTecnica (idFatorDeProducao, idComponente, quantidade)  values (13 , 15, 2.5);
INSERT INTO registoFichaTecnica (idFatorDeProducao, idComponente, quantidade)  values (13 , 16, 2.4);
INSERT INTO registoFichaTecnica (idFatorDeProducao, idComponente, quantidade)  values (13 , 17, 6);
INSERT INTO registoFichaTecnica (idFatorDeProducao, idComponente, quantidade)  values (13 , 7, 0.3);
INSERT INTO registoFichaTecnica (idFatorDeProducao, idComponente, quantidade)  values (13 , 4, 0.002);
INSERT INTO registoFichaTecnica (idFatorDeProducao, idComponente, quantidade)  values (14 , 13, 27);
INSERT INTO registoFichaTecnica (idFatorDeProducao, idComponente, quantidade)  values (14 , 14, 5.6);
INSERT INTO registoFichaTecnica (idFatorDeProducao, idComponente, quantidade)  values (14 , 15, 1);
INSERT INTO registoFichaTecnica (idFatorDeProducao, idComponente, quantidade)  values (14 , 16, 3);
INSERT INTO registoFichaTecnica (idFatorDeProducao, idComponente, quantidade)  values (14 , 18, 15);
INSERT INTO registoFichaTecnica (idFatorDeProducao, idComponente, quantidade)  values (14 , 19, 10);
INSERT INTO registoFichaTecnica (idFatorDeProducao, idComponente, quantidade)  values (15 , 21, 45);
INSERT INTO registoFichaTecnica (idFatorDeProducao, idComponente, quantidade)  values (15 , 16, 52.5);
INSERT INTO registoFichaTecnica (idFatorDeProducao, idComponente, quantidade)  values (16 , 20, 35);
INSERT INTO registoFichaTecnica (idFatorDeProducao, idComponente, quantidade)  values (18 , 1, 6);


INSERT INTO mix (idMix) values (10);
INSERT INTO mix (idMix) values (11);


INSERT INTO unidade (idUnidade, unidade) values (1,'kg/ha');
INSERT INTO unidade (idUnidade, unidade) values (2,'l/ha');


INSERT INTO receitaDoMix (idMix, idFatorDeProducao, quantidade, idUnidade) values (10,6,1.5,1);
INSERT INTO receitaDoMix (idMix, idFatorDeProducao, quantidade, idUnidade) values (10,15,2.5,1);
INSERT INTO receitaDoMix (idMix, idFatorDeProducao, quantidade, idUnidade) values (10,16,1.7,2);
INSERT INTO receitaDoMix (idMix, idFatorDeProducao, quantidade, idUnidade) values (11,14,60,2);
INSERT INTO receitaDoMix (idMix, idFatorDeProducao, quantidade, idUnidade) values (11,17,2,2);


INSERT INTO tipoDeOperacao (idTipoDeOperacao, designacao) values (1, 'colheita');
INSERT INTO tipoDeOperacao (idTipoDeOperacao, designacao) values (2, 'plantacao');
INSERT INTO tipoDeOperacao (idTipoDeOperacao, designacao) values (3, 'rega');
INSERT INTO tipoDeOperacao (idTipoDeOperacao, designacao) values (4, 'semeadura');
INSERT INTO tipoDeOperacao (idTipoDeOperacao, designacao) values (5, 'monda');
INSERT INTO tipoDeOperacao (idTipoDeOperacao, designacao) values (6, 'poda');
INSERT INTO tipoDeOperacao (idTipoDeOperacao, designacao) values (7, 'fertilizacao');
INSERT INTO tipoDeOperacao (idTipoDeOperacao, designacao) values (8, 'incorporacaoSolo');
INSERT INTO tipoDeOperacao (idTipoDeOperacao, designacao) values (9, 'mobilizacaoSolo');
INSERT INTO tipoDeOperacao (idTipoDeOperacao, designacao) values (10, 'anulacao');



INSERT INTO operacaoAgricola (idOperacao, dataOperacao, estadoOperacao)  values (1, TO_DATE('06/10/2016' ,  'DD/MM/YYYY'), 0);
INSERT INTO operacaoAgricola (idOperacao, dataOperacao, estadoOperacao)  values (2, TO_DATE('10/10/2016' ,  'DD/MM/YYYY'), 0);
INSERT INTO operacaoAgricola (idOperacao, dataOperacao, estadoOperacao)  values (3, TO_DATE('07/01/2017' ,  'DD/MM/YYYY'), 0);
INSERT INTO operacaoAgricola (idOperacao, dataOperacao, estadoOperacao)  values (4, TO_DATE('08/01/2017' ,  'DD/MM/YYYY'), 0);
INSERT INTO operacaoAgricola (idOperacao, dataOperacao, estadoOperacao)  values (5, TO_DATE('08/01/2017' ,  'DD/MM/YYYY'), 0);
--INSERT INTO operacaoAgricola (idOperacao, dataOperacao, estadoOperacao)  values (6, TO_DATE('10/01/2018' ,  'DD/MM/YYYY'), 0);
--INSERT INTO operacaoAgricola (idOperacao, dataOperacao, estadoOperacao)  values (7, TO_DATE('11/01/2018' ,  'DD/MM/YYYY'), 0);
INSERT INTO operacaoAgricola (idOperacao, dataOperacao, estadoOperacao)  values (6, TO_DATE('10/12/2018' ,  'DD/MM/YYYY'), 0);
INSERT INTO operacaoAgricola (idOperacao, dataOperacao, estadoOperacao)  values (7, TO_DATE('09/01/2019' ,  'DD/MM/YYYY'), 0);
INSERT INTO operacaoAgricola (idOperacao, dataOperacao, estadoOperacao)  values (8, TO_DATE('09/01/2019' ,  'DD/MM/YYYY'), 0);
INSERT INTO operacaoAgricola (idOperacao, dataOperacao, estadoOperacao)  values (9, TO_DATE('10/01/2019' ,  'DD/MM/YYYY'), 0);
INSERT INTO operacaoAgricola (idOperacao, dataOperacao, estadoOperacao)  values (10, TO_DATE('10/01/2019' ,  'DD/MM/YYYY'), 0);
INSERT INTO operacaoAgricola (idOperacao, dataOperacao, estadoOperacao)  values (11, TO_DATE('11/01/2019' ,  'DD/MM/YYYY'), 0);
INSERT INTO operacaoAgricola (idOperacao, dataOperacao, estadoOperacao)  values (12, TO_DATE('11/01/2019' ,  'DD/MM/YYYY'), 0);
INSERT INTO operacaoAgricola (idOperacao, dataOperacao, estadoOperacao)  values (13, TO_DATE('12/10/2016' ,  'DD/MM/YYYY'), 0);
INSERT INTO plantacao (idOperacao, idCultura, numPlantas, compasso, distanciaFilas)  values (1, 11, 30,6,7.5);
INSERT INTO plantacao (idOperacao, idCultura, numPlantas, compasso, distanciaFilas)  values (2, 12, 20,6,7.5);
INSERT INTO plantacao (idOperacao, idCultura, numPlantas, compasso, distanciaFilas)  values (3, 22, 90,5,5);
INSERT INTO plantacao (idOperacao, idCultura, numPlantas, compasso, distanciaFilas)  values (4, 23, 60,5,5);
INSERT INTO plantacao (idOperacao, idCultura, numPlantas, compasso, distanciaFilas)  values (5, 24, 40,5,5);
--INSERT INTO plantacao (idOperacao, idCultura, numPlantas, compasso, distanciaFilas)  values (26, 26, 500,5,5);
--INSERT INTO plantacao (idOperacao, idCultura, numPlantas, compasso, distanciaFilas)  values (27, 27, 700,5,5);
INSERT INTO plantacao (idOperacao, idCultura, numPlantas, compasso, distanciaFilas)  values (6, 25, 30,5,5);
INSERT INTO plantacao (idOperacao, idCultura, numPlantas, compasso, distanciaFilas)  values (7,28, 50,5,5);
INSERT INTO plantacao (idOperacao, idCultura, numPlantas, compasso, distanciaFilas)  values (8,29, 20,5,5);
INSERT INTO plantacao (idOperacao, idCultura, numPlantas, compasso, distanciaFilas)  values (9,30, 40,5,5);
INSERT INTO plantacao (idOperacao, idCultura, numPlantas, compasso, distanciaFilas)  values (10,31, 30,5,5);
INSERT INTO plantacao (idOperacao, idCultura, numPlantas, compasso, distanciaFilas)  values (11,32, 40,5,5);
INSERT INTO plantacao (idOperacao, idCultura, numPlantas, compasso, distanciaFilas)  values (12,33, 50,5,5);
INSERT INTO plantacao (idOperacao, idCultura, numPlantas, compasso, distanciaFilas)  values (13,34, 40,6,7.5);



INSERT INTO operacaoAgricola (idOperacao, dataOperacao, estadoOperacao)  values (14, TO_DATE('14/05/2023' ,  'DD/MM/YYYY'), 0);
INSERT INTO operacaoAgricola (idOperacao, dataOperacao, estadoOperacao)  values (15, TO_DATE('14/05/2023' ,  'DD/MM/YYYY'), 0);
INSERT INTO operacaoAgricola (idOperacao, dataOperacao, estadoOperacao)  values (16, TO_DATE('14/05/2023' ,  'DD/MM/YYYY'), 0);
INSERT INTO operacaoAgricola (idOperacao, dataOperacao, estadoOperacao)  values (17, TO_DATE('14/05/2023' ,  'DD/MM/YYYY'), 0);
INSERT INTO operacaoAgricola (idOperacao, dataOperacao, estadoOperacao)  values (18, TO_DATE('01/06/2023' ,  'DD/MM/YYYY'), 0);
INSERT INTO operacaoAgricola (idOperacao, dataOperacao, estadoOperacao)  values (19, TO_DATE('01/06/2023' ,  'DD/MM/YYYY'), 0);
INSERT INTO operacaoAgricola (idOperacao, dataOperacao, estadoOperacao)  values (20, TO_DATE('01/06/2023' ,  'DD/MM/YYYY'), 0);
INSERT INTO operacaoAgricola (idOperacao, dataOperacao, estadoOperacao)  values (21, TO_DATE('01/06/2023' ,  'DD/MM/YYYY'), 0);
INSERT INTO operacaoAgricola (idOperacao, dataOperacao, estadoOperacao)  values (22, TO_DATE('15/06/2023' ,  'DD/MM/YYYY'), 0);
INSERT INTO operacaoAgricola (idOperacao, dataOperacao, estadoOperacao)  values (23, TO_DATE('15/06/2023' ,  'DD/MM/YYYY'), 0);
INSERT INTO operacaoAgricola (idOperacao, dataOperacao, estadoOperacao)  values (24, TO_DATE('15/06/2023' ,  'DD/MM/YYYY'), 0);
INSERT INTO operacaoAgricola (idOperacao, dataOperacao, estadoOperacao)  values (25, TO_DATE('15/06/2023' ,  'DD/MM/YYYY'), 0);
INSERT INTO operacaoAgricola (idOperacao, dataOperacao, estadoOperacao)  values (26, TO_DATE('30/06/2023' ,  'DD/MM/YYYY'), 0);
INSERT INTO operacaoAgricola (idOperacao, dataOperacao, estadoOperacao)  values (27, TO_DATE('30/06/2023' ,  'DD/MM/YYYY'), 0);
INSERT INTO operacaoAgricola (idOperacao, dataOperacao, estadoOperacao)  values (28, TO_DATE('30/06/2023' ,  'DD/MM/YYYY'), 0);
INSERT INTO operacaoAgricola (idOperacao, dataOperacao, estadoOperacao)  values (29, TO_DATE('30/06/2023' ,  'DD/MM/YYYY'), 0);
INSERT INTO operacaoAgricola (idOperacao, dataOperacao, estadoOperacao)  values (30, TO_DATE('07/07/2023' ,  'DD/MM/YYYY'), 0);
INSERT INTO operacaoAgricola (idOperacao, dataOperacao, estadoOperacao)  values (31, TO_DATE('07/07/2023' ,  'DD/MM/YYYY'), 0);
INSERT INTO operacaoAgricola (idOperacao, dataOperacao, estadoOperacao)  values (32, TO_DATE('07/07/2023' ,  'DD/MM/YYYY'), 0);
INSERT INTO operacaoAgricola (idOperacao, dataOperacao, estadoOperacao)  values (33, TO_DATE('07/07/2023' ,  'DD/MM/YYYY'), 0);
INSERT INTO operacaoAgricola (idOperacao, dataOperacao, estadoOperacao)  values (34, TO_DATE('14/07/2023' ,  'DD/MM/YYYY'), 0);
INSERT INTO operacaoAgricola (idOperacao, dataOperacao, estadoOperacao)  values (35, TO_DATE('14/07/2023' ,  'DD/MM/YYYY'), 0);
INSERT INTO operacaoAgricola (idOperacao, dataOperacao, estadoOperacao)  values (36, TO_DATE('14/07/2023' ,  'DD/MM/YYYY'), 0);
INSERT INTO operacaoAgricola (idOperacao, dataOperacao, estadoOperacao)  values (37, TO_DATE('14/07/2023' ,  'DD/MM/YYYY'), 0);
INSERT INTO operacaoAgricola (idOperacao, dataOperacao, estadoOperacao)  values (38, TO_DATE('21/07/2023' ,  'DD/MM/YYYY'), 0);
INSERT INTO operacaoAgricola (idOperacao, dataOperacao, estadoOperacao)  values (39, TO_DATE('21/07/2023' ,  'DD/MM/YYYY'), 0);
INSERT INTO operacaoAgricola (idOperacao, dataOperacao, estadoOperacao)  values (40, TO_DATE('21/07/2023' ,  'DD/MM/YYYY'), 0);
INSERT INTO operacaoAgricola (idOperacao, dataOperacao, estadoOperacao)  values (41, TO_DATE('21/07/2023' ,  'DD/MM/YYYY'), 0);
INSERT INTO operacaoAgricola (idOperacao, dataOperacao, estadoOperacao)  values (42, TO_DATE('28/07/2023' ,  'DD/MM/YYYY'), 0);
INSERT INTO operacaoAgricola (idOperacao, dataOperacao, estadoOperacao)  values (43, TO_DATE('28/07/2023' ,  'DD/MM/YYYY'), 0);
INSERT INTO operacaoAgricola (idOperacao, dataOperacao, estadoOperacao)  values (44, TO_DATE('28/07/2023' ,  'DD/MM/YYYY'), 0);
INSERT INTO operacaoAgricola (idOperacao, dataOperacao, estadoOperacao)  values (45, TO_DATE('28/07/2023' ,  'DD/MM/YYYY'), 0);
INSERT INTO operacaoAgricola (idOperacao, dataOperacao, estadoOperacao)  values (46, TO_DATE('04/08/2023' ,  'DD/MM/YYYY'), 0);
INSERT INTO operacaoAgricola (idOperacao, dataOperacao, estadoOperacao)  values (47, TO_DATE('04/08/2023' ,  'DD/MM/YYYY'), 0);
INSERT INTO operacaoAgricola (idOperacao, dataOperacao, estadoOperacao)  values (48, TO_DATE('04/08/2023' ,  'DD/MM/YYYY'), 0);
INSERT INTO operacaoAgricola (idOperacao, dataOperacao, estadoOperacao)  values (49, TO_DATE('04/08/2023' ,  'DD/MM/YYYY'), 0);
INSERT INTO operacaoAgricola (idOperacao, dataOperacao, estadoOperacao)  values (50, TO_DATE('11/08/2023' ,  'DD/MM/YYYY'), 0);
INSERT INTO operacaoAgricola (idOperacao, dataOperacao, estadoOperacao)  values (51, TO_DATE('11/08/2023' ,  'DD/MM/YYYY'), 0);
INSERT INTO operacaoAgricola (idOperacao, dataOperacao, estadoOperacao)  values (52, TO_DATE('11/08/2023' ,  'DD/MM/YYYY'), 0);
INSERT INTO operacaoAgricola (idOperacao, dataOperacao, estadoOperacao)  values (53, TO_DATE('11/08/2023' ,  'DD/MM/YYYY'), 0);
INSERT INTO operacaoAgricola (idOperacao, dataOperacao, estadoOperacao)  values (54, TO_DATE('18/08/2023' ,  'DD/MM/YYYY'), 0);
INSERT INTO operacaoAgricola (idOperacao, dataOperacao, estadoOperacao)  values (55, TO_DATE('18/08/2023' ,  'DD/MM/YYYY'), 0);
INSERT INTO operacaoAgricola (idOperacao, dataOperacao, estadoOperacao)  values (56, TO_DATE('18/08/2023' ,  'DD/MM/YYYY'), 0);
INSERT INTO operacaoAgricola (idOperacao, dataOperacao, estadoOperacao)  values (57, TO_DATE('18/08/2023' ,  'DD/MM/YYYY'), 0);
INSERT INTO operacaoAgricola (idOperacao, dataOperacao, estadoOperacao)  values (58, TO_DATE('25/08/2023' ,  'DD/MM/YYYY'), 0);
INSERT INTO operacaoAgricola (idOperacao, dataOperacao, estadoOperacao)  values (59, TO_DATE('25/08/2023' ,  'DD/MM/YYYY'), 0);
INSERT INTO operacaoAgricola (idOperacao, dataOperacao, estadoOperacao)  values (60, TO_DATE('25/08/2023' ,  'DD/MM/YYYY'), 0);
INSERT INTO operacaoAgricola (idOperacao, dataOperacao, estadoOperacao)  values (61, TO_DATE('25/08/2023' ,  'DD/MM/YYYY'), 0);
INSERT INTO operacaoAgricola (idOperacao, dataOperacao, estadoOperacao)  values (62, TO_DATE('01/09/2023' ,  'DD/MM/YYYY'), 0);
INSERT INTO operacaoAgricola (idOperacao, dataOperacao, estadoOperacao)  values (63, TO_DATE('01/09/2023' ,  'DD/MM/YYYY'), 0);
INSERT INTO operacaoAgricola (idOperacao, dataOperacao, estadoOperacao)  values (64, TO_DATE('01/09/2023' ,  'DD/MM/YYYY'), 0);
INSERT INTO operacaoAgricola (idOperacao, dataOperacao, estadoOperacao)  values (65, TO_DATE('01/09/2023' ,  'DD/MM/YYYY'), 0);
INSERT INTO operacaoAgricola (idOperacao, dataOperacao, estadoOperacao)  values (66, TO_DATE('08/09/2023' ,  'DD/MM/YYYY'), 0);
INSERT INTO operacaoAgricola (idOperacao, dataOperacao, estadoOperacao)  values (67, TO_DATE('08/09/2023' ,  'DD/MM/YYYY'), 0);
INSERT INTO operacaoAgricola (idOperacao, dataOperacao, estadoOperacao)  values (68, TO_DATE('08/09/2023' ,  'DD/MM/YYYY'), 0);
INSERT INTO operacaoAgricola (idOperacao, dataOperacao, estadoOperacao)  values (69, TO_DATE('08/09/2023' ,  'DD/MM/YYYY'), 0);
INSERT INTO operacaoAgricola (idOperacao, dataOperacao, estadoOperacao)  values (70, TO_DATE('15/09/2023' ,  'DD/MM/YYYY'), 0);
INSERT INTO operacaoAgricola (idOperacao, dataOperacao, estadoOperacao)  values (71, TO_DATE('15/09/2023' ,  'DD/MM/YYYY'), 0);
INSERT INTO operacaoAgricola (idOperacao, dataOperacao, estadoOperacao)  values (72, TO_DATE('15/09/2023' ,  'DD/MM/YYYY'), 0);
INSERT INTO operacaoAgricola (idOperacao, dataOperacao, estadoOperacao)  values (73, TO_DATE('15/09/2023' ,  'DD/MM/YYYY'), 0);
INSERT INTO operacaoAgricola (idOperacao, dataOperacao, estadoOperacao)  values (74, TO_DATE('13/05/2023' ,  'DD/MM/YYYY'), 0);
INSERT INTO operacaoAgricola (idOperacao, dataOperacao, estadoOperacao)  values (75, TO_DATE('13/05/2023' ,  'DD/MM/YYYY'), 0);
INSERT INTO operacaoAgricola (idOperacao, dataOperacao, estadoOperacao)  values (76, TO_DATE('13/05/2023' ,  'DD/MM/YYYY'), 0);
INSERT INTO operacaoAgricola (idOperacao, dataOperacao, estadoOperacao)  values (77, TO_DATE('13/05/2023' ,  'DD/MM/YYYY'), 0);
INSERT INTO operacaoAgricola (idOperacao, dataOperacao, estadoOperacao)  values (78, TO_DATE('13/05/2023' ,  'DD/MM/YYYY'), 0);
INSERT INTO operacaoAgricola (idOperacao, dataOperacao, estadoOperacao)  values (79, TO_DATE('02/06/2023' ,  'DD/MM/YYYY'), 0);
INSERT INTO operacaoAgricola (idOperacao, dataOperacao, estadoOperacao)  values (80, TO_DATE('02/06/2023' ,  'DD/MM/YYYY'), 0);
INSERT INTO operacaoAgricola (idOperacao, dataOperacao, estadoOperacao)  values (81, TO_DATE('02/06/2023' ,  'DD/MM/YYYY'), 0);
INSERT INTO operacaoAgricola (idOperacao, dataOperacao, estadoOperacao)  values (82, TO_DATE('02/06/2023' ,  'DD/MM/YYYY'), 0);
INSERT INTO operacaoAgricola (idOperacao, dataOperacao, estadoOperacao)  values (83, TO_DATE('02/06/2023' ,  'DD/MM/YYYY'), 0);
INSERT INTO operacaoAgricola (idOperacao, dataOperacao, estadoOperacao)  values (84, TO_DATE('16/06/2023' ,  'DD/MM/YYYY'), 0);
INSERT INTO operacaoAgricola (idOperacao, dataOperacao, estadoOperacao)  values (85, TO_DATE('16/06/2023' ,  'DD/MM/YYYY'), 0);
INSERT INTO operacaoAgricola (idOperacao, dataOperacao, estadoOperacao)  values (86, TO_DATE('16/06/2023' ,  'DD/MM/YYYY'), 0);
INSERT INTO operacaoAgricola (idOperacao, dataOperacao, estadoOperacao)  values (87, TO_DATE('16/06/2023' ,  'DD/MM/YYYY'), 0);
INSERT INTO operacaoAgricola (idOperacao, dataOperacao, estadoOperacao)  values (88, TO_DATE('16/06/2023' ,  'DD/MM/YYYY'), 0);
INSERT INTO operacaoAgricola (idOperacao, dataOperacao, estadoOperacao)  values (89, TO_DATE('01/07/2023' ,  'DD/MM/YYYY'), 0);
INSERT INTO operacaoAgricola (idOperacao, dataOperacao, estadoOperacao)  values (90, TO_DATE('01/07/2023' ,  'DD/MM/YYYY'), 0);
INSERT INTO operacaoAgricola (idOperacao, dataOperacao, estadoOperacao)  values (91, TO_DATE('01/07/2023' ,  'DD/MM/YYYY'), 0);
INSERT INTO operacaoAgricola (idOperacao, dataOperacao, estadoOperacao)  values (92, TO_DATE('01/07/2023' ,  'DD/MM/YYYY'), 0);
INSERT INTO operacaoAgricola (idOperacao, dataOperacao, estadoOperacao)  values (93, TO_DATE('01/07/2023' ,  'DD/MM/YYYY'), 0);
INSERT INTO operacaoAgricola (idOperacao, dataOperacao, estadoOperacao)  values (94, TO_DATE('08/07/2023' ,  'DD/MM/YYYY'), 0);
INSERT INTO operacaoAgricola (idOperacao, dataOperacao, estadoOperacao)  values (95, TO_DATE('08/07/2023' ,  'DD/MM/YYYY'), 0);
INSERT INTO operacaoAgricola (idOperacao, dataOperacao, estadoOperacao)  values (96, TO_DATE('08/07/2023' ,  'DD/MM/YYYY'), 0);
INSERT INTO operacaoAgricola (idOperacao, dataOperacao, estadoOperacao)  values (97, TO_DATE('08/07/2023' ,  'DD/MM/YYYY'), 0);
INSERT INTO operacaoAgricola (idOperacao, dataOperacao, estadoOperacao)  values (98, TO_DATE('08/07/2023' ,  'DD/MM/YYYY'), 0);
INSERT INTO operacaoAgricola (idOperacao, dataOperacao, estadoOperacao)  values (99, TO_DATE('15/07/2023' ,  'DD/MM/YYYY'), 0);
INSERT INTO operacaoAgricola (idOperacao, dataOperacao, estadoOperacao)  values (100, TO_DATE('15/07/2023' ,  'DD/MM/YYYY'), 0);
INSERT INTO operacaoAgricola (idOperacao, dataOperacao, estadoOperacao)  values (101, TO_DATE('15/07/2023' ,  'DD/MM/YYYY'), 0);
INSERT INTO operacaoAgricola (idOperacao, dataOperacao, estadoOperacao)  values (102, TO_DATE('15/07/2023' ,  'DD/MM/YYYY'), 0);
INSERT INTO operacaoAgricola (idOperacao, dataOperacao, estadoOperacao)  values (103, TO_DATE('15/07/2023' ,  'DD/MM/YYYY'), 0);
INSERT INTO operacaoAgricola (idOperacao, dataOperacao, estadoOperacao)  values (104, TO_DATE('22/07/2023' ,  'DD/MM/YYYY'), 0);
INSERT INTO operacaoAgricola (idOperacao, dataOperacao, estadoOperacao)  values (105, TO_DATE('22/07/2023' ,  'DD/MM/YYYY'), 0);
INSERT INTO operacaoAgricola (idOperacao, dataOperacao, estadoOperacao)  values (106, TO_DATE('22/07/2023' ,  'DD/MM/YYYY'), 0);
INSERT INTO operacaoAgricola (idOperacao, dataOperacao, estadoOperacao)  values (107, TO_DATE('22/07/2023' ,  'DD/MM/YYYY'), 0);
INSERT INTO operacaoAgricola (idOperacao, dataOperacao, estadoOperacao)  values (108, TO_DATE('22/07/2023' ,  'DD/MM/YYYY'), 0);
INSERT INTO operacaoAgricola (idOperacao, dataOperacao, estadoOperacao)  values (109, TO_DATE('29/07/2023' ,  'DD/MM/YYYY'), 0);
INSERT INTO operacaoAgricola (idOperacao, dataOperacao, estadoOperacao)  values (110, TO_DATE('29/07/2023' ,  'DD/MM/YYYY'), 0);
INSERT INTO operacaoAgricola (idOperacao, dataOperacao, estadoOperacao)  values (111, TO_DATE('29/07/2023' ,  'DD/MM/YYYY'), 0);
INSERT INTO operacaoAgricola (idOperacao, dataOperacao, estadoOperacao)  values (112, TO_DATE('29/07/2023' ,  'DD/MM/YYYY'), 0);
INSERT INTO operacaoAgricola (idOperacao, dataOperacao, estadoOperacao)  values (113, TO_DATE('29/07/2023' ,  'DD/MM/YYYY'), 0);
INSERT INTO operacaoAgricola (idOperacao, dataOperacao, estadoOperacao)  values (114, TO_DATE('05/08/2023' ,  'DD/MM/YYYY'), 0);
INSERT INTO operacaoAgricola (idOperacao, dataOperacao, estadoOperacao)  values (115, TO_DATE('05/08/2023' ,  'DD/MM/YYYY'), 0);
INSERT INTO operacaoAgricola (idOperacao, dataOperacao, estadoOperacao)  values (116, TO_DATE('05/08/2023' ,  'DD/MM/YYYY'), 0);
INSERT INTO operacaoAgricola (idOperacao, dataOperacao, estadoOperacao)  values (117, TO_DATE('05/08/2023' ,  'DD/MM/YYYY'), 0);
INSERT INTO operacaoAgricola (idOperacao, dataOperacao, estadoOperacao)  values (118, TO_DATE('05/08/2023' ,  'DD/MM/YYYY'), 0);
INSERT INTO operacaoAgricola (idOperacao, dataOperacao, estadoOperacao)  values (119, TO_DATE('10/08/2023' ,  'DD/MM/YYYY'), 0);
INSERT INTO operacaoAgricola (idOperacao, dataOperacao, estadoOperacao)  values (120, TO_DATE('10/08/2023' ,  'DD/MM/YYYY'), 0);
INSERT INTO operacaoAgricola (idOperacao, dataOperacao, estadoOperacao)  values (121, TO_DATE('10/08/2023' ,  'DD/MM/YYYY'), 0);
INSERT INTO operacaoAgricola (idOperacao, dataOperacao, estadoOperacao)  values (122, TO_DATE('10/08/2023' ,  'DD/MM/YYYY'), 0);
INSERT INTO operacaoAgricola (idOperacao, dataOperacao, estadoOperacao)  values (123, TO_DATE('10/08/2023' ,  'DD/MM/YYYY'), 0);
INSERT INTO operacaoAgricola (idOperacao, dataOperacao, estadoOperacao)  values (124, TO_DATE('17/08/2023' ,  'DD/MM/YYYY'), 0);
INSERT INTO operacaoAgricola (idOperacao, dataOperacao, estadoOperacao)  values (125, TO_DATE('17/08/2023' ,  'DD/MM/YYYY'), 0);
INSERT INTO operacaoAgricola (idOperacao, dataOperacao, estadoOperacao)  values (126, TO_DATE('17/08/2023' ,  'DD/MM/YYYY'), 0);
INSERT INTO operacaoAgricola (idOperacao, dataOperacao, estadoOperacao)  values (127, TO_DATE('17/08/2023' ,  'DD/MM/YYYY'), 0);
INSERT INTO operacaoAgricola (idOperacao, dataOperacao, estadoOperacao)  values (128, TO_DATE('17/08/2023' ,  'DD/MM/YYYY'), 0);
INSERT INTO operacaoAgricola (idOperacao, dataOperacao, estadoOperacao)  values (129, TO_DATE('24/08/2023' ,  'DD/MM/YYYY'), 0);
INSERT INTO operacaoAgricola (idOperacao, dataOperacao, estadoOperacao)  values (130, TO_DATE('24/08/2023' ,  'DD/MM/YYYY'), 0);
INSERT INTO operacaoAgricola (idOperacao, dataOperacao, estadoOperacao)  values (131, TO_DATE('24/08/2023' ,  'DD/MM/YYYY'), 0);
INSERT INTO operacaoAgricola (idOperacao, dataOperacao, estadoOperacao)  values (132, TO_DATE('24/08/2023' ,  'DD/MM/YYYY'), 0);
INSERT INTO operacaoAgricola (idOperacao, dataOperacao, estadoOperacao)  values (133, TO_DATE('24/08/2023' ,  'DD/MM/YYYY'), 0);
INSERT INTO operacaoAgricola (idOperacao, dataOperacao, estadoOperacao)  values (134, TO_DATE('02/09/2023' ,  'DD/MM/YYYY'), 0);
INSERT INTO operacaoAgricola (idOperacao, dataOperacao, estadoOperacao)  values (135, TO_DATE('02/09/2023' ,  'DD/MM/YYYY'), 0);
INSERT INTO operacaoAgricola (idOperacao, dataOperacao, estadoOperacao)  values (136, TO_DATE('02/09/2023' ,  'DD/MM/YYYY'), 0);
INSERT INTO operacaoAgricola (idOperacao, dataOperacao, estadoOperacao)  values (137, TO_DATE('02/09/2023' ,  'DD/MM/YYYY'), 0);
INSERT INTO operacaoAgricola (idOperacao, dataOperacao, estadoOperacao)  values (138, TO_DATE('02/09/2023' ,  'DD/MM/YYYY'), 0);
INSERT INTO operacaoAgricola (idOperacao, dataOperacao, estadoOperacao)  values (139, TO_DATE('09/09/2023' ,  'DD/MM/YYYY'), 0);
INSERT INTO operacaoAgricola (idOperacao, dataOperacao, estadoOperacao)  values (140, TO_DATE('09/09/2023' ,  'DD/MM/YYYY'), 0);
INSERT INTO operacaoAgricola (idOperacao, dataOperacao, estadoOperacao)  values (141, TO_DATE('09/09/2023' ,  'DD/MM/YYYY'), 0);
INSERT INTO operacaoAgricola (idOperacao, dataOperacao, estadoOperacao)  values (142, TO_DATE('09/09/2023' ,  'DD/MM/YYYY'), 0);
INSERT INTO operacaoAgricola (idOperacao, dataOperacao, estadoOperacao)  values (143, TO_DATE('09/09/2023' ,  'DD/MM/YYYY'), 0);
INSERT INTO operacaoAgricola (idOperacao, dataOperacao, estadoOperacao)  values (144, TO_DATE('18/09/2023' ,  'DD/MM/YYYY'), 0);
INSERT INTO operacaoAgricola (idOperacao, dataOperacao, estadoOperacao)  values (145, TO_DATE('18/09/2023' ,  'DD/MM/YYYY'), 0);
INSERT INTO operacaoAgricola (idOperacao, dataOperacao, estadoOperacao)  values (146, TO_DATE('18/09/2023' ,  'DD/MM/YYYY'), 0);
INSERT INTO operacaoAgricola (idOperacao, dataOperacao, estadoOperacao)  values (147, TO_DATE('18/09/2023' ,  'DD/MM/YYYY'), 0);
INSERT INTO operacaoAgricola (idOperacao, dataOperacao, estadoOperacao)  values (148, TO_DATE('18/09/2023' ,  'DD/MM/YYYY'), 0);
INSERT INTO operacaoAgricola (idOperacao, dataOperacao, estadoOperacao)  values (149, TO_DATE('02/06/2023' ,  'DD/MM/YYYY'), 0);
INSERT INTO operacaoAgricola (idOperacao, dataOperacao, estadoOperacao)  values (150, TO_DATE('02/06/2023' ,  'DD/MM/YYYY'), 0);
INSERT INTO operacaoAgricola (idOperacao, dataOperacao, estadoOperacao)  values (151, TO_DATE('02/07/2023' ,  'DD/MM/YYYY'), 0);
INSERT INTO operacaoAgricola (idOperacao, dataOperacao, estadoOperacao)  values (152, TO_DATE('02/07/2023' ,  'DD/MM/YYYY'), 0);
INSERT INTO operacaoAgricola (idOperacao, dataOperacao, estadoOperacao)  values (153, TO_DATE('02/08/2023' ,  'DD/MM/YYYY'), 0);
INSERT INTO operacaoAgricola (idOperacao, dataOperacao, estadoOperacao)  values (154, TO_DATE('02/08/2023' ,  'DD/MM/YYYY'), 0);
INSERT INTO operacaoAgricola (idOperacao, dataOperacao, estadoOperacao)  values (155, TO_DATE('04/09/2023' ,  'DD/MM/YYYY'), 0);
INSERT INTO operacaoAgricola (idOperacao, dataOperacao, estadoOperacao)  values (156, TO_DATE('04/09/2023' ,  'DD/MM/YYYY'), 0);
INSERT INTO operacaoAgricola (idOperacao, dataOperacao, estadoOperacao)  values (157, TO_DATE('02/10/2023' ,  'DD/MM/YYYY'), 0);
INSERT INTO operacaoAgricola (idOperacao, dataOperacao, estadoOperacao)  values (158, TO_DATE('02/10/2023' ,  'DD/MM/YYYY'), 0);
INSERT INTO operacaoAgricola (idOperacao, dataOperacao, estadoOperacao)  values (159, TO_DATE('12/06/2023' ,  'DD/MM/YYYY'), 0);
INSERT INTO operacaoAgricola (idOperacao, dataOperacao, estadoOperacao)  values (160, TO_DATE('19/06/2023' ,  'DD/MM/YYYY'), 0);
INSERT INTO operacaoAgricola (idOperacao, dataOperacao, estadoOperacao)  values (161, TO_DATE('30/06/2023' ,  'DD/MM/YYYY'), 0);
INSERT INTO operacaoAgricola (idOperacao, dataOperacao, estadoOperacao)  values (162, TO_DATE('08/07/2023' ,  'DD/MM/YYYY'), 0);
INSERT INTO operacaoAgricola (idOperacao, dataOperacao, estadoOperacao)  values (163, TO_DATE('15/07/2023' ,  'DD/MM/YYYY'), 0);
INSERT INTO operacaoAgricola (idOperacao, dataOperacao, estadoOperacao)  values (164, TO_DATE('22/07/2023' ,  'DD/MM/YYYY'), 0);
INSERT INTO operacaoAgricola (idOperacao, dataOperacao, estadoOperacao)  values (165, TO_DATE('29/07/2023' ,  'DD/MM/YYYY'), 0);
INSERT INTO operacaoAgricola (idOperacao, dataOperacao, estadoOperacao)  values (166, TO_DATE('05/08/2023' ,  'DD/MM/YYYY'), 0);
INSERT INTO operacaoAgricola (idOperacao, dataOperacao, estadoOperacao)  values (167, TO_DATE('12/08/2023' ,  'DD/MM/YYYY'), 0);
INSERT INTO operacaoAgricola (idOperacao, dataOperacao, estadoOperacao)  values (168, TO_DATE('19/08/2023' ,  'DD/MM/YYYY'), 0);
INSERT INTO operacaoAgricola (idOperacao, dataOperacao, estadoOperacao)  values (169, TO_DATE('26/08/2023' ,  'DD/MM/YYYY'), 0);
INSERT INTO operacaoAgricola (idOperacao, dataOperacao, estadoOperacao)  values (170, TO_DATE('31/08/2023' ,  'DD/MM/YYYY'), 0);
INSERT INTO operacaoAgricola (idOperacao, dataOperacao, estadoOperacao)  values (171, TO_DATE('05/09/2023' ,  'DD/MM/YYYY'), 0);
INSERT INTO operacaoAgricola (idOperacao, dataOperacao, estadoOperacao)  values (172, TO_DATE('20/05/2023' ,  'DD/MM/YYYY'), 0);
INSERT INTO operacaoAgricola (idOperacao, dataOperacao, estadoOperacao)  values (173, TO_DATE('09/07/2023' ,  'DD/MM/YYYY'), 0);
INSERT INTO operacaoAgricola (idOperacao, dataOperacao, estadoOperacao)  values (174, TO_DATE('16/07/2023' ,  'DD/MM/YYYY'), 0);
INSERT INTO operacaoAgricola (idOperacao, dataOperacao, estadoOperacao)  values (175, TO_DATE('23/07/2023' ,  'DD/MM/YYYY'), 0);
INSERT INTO operacaoAgricola (idOperacao, dataOperacao, estadoOperacao)  values (176, TO_DATE('30/07/2023' ,  'DD/MM/YYYY'), 0);
INSERT INTO operacaoAgricola (idOperacao, dataOperacao, estadoOperacao)  values (177, TO_DATE('07/08/2023' ,  'DD/MM/YYYY'), 0);
INSERT INTO operacaoAgricola (idOperacao, dataOperacao, estadoOperacao)  values (178, TO_DATE('14/08/2023' ,  'DD/MM/YYYY'), 0);
INSERT INTO operacaoAgricola (idOperacao, dataOperacao, estadoOperacao)  values (179, TO_DATE('21/08/2023' ,  'DD/MM/YYYY'), 0);
INSERT INTO operacaoAgricola (idOperacao, dataOperacao, estadoOperacao)  values (180, TO_DATE('28/08/2023' ,  'DD/MM/YYYY'), 0);
INSERT INTO operacaoAgricola (idOperacao, dataOperacao, estadoOperacao)  values (181, TO_DATE('06/09/2023' ,  'DD/MM/YYYY'), 0);
INSERT INTO operacaoAgricola (idOperacao, dataOperacao, estadoOperacao)  values (182, TO_DATE('13/09/2023' ,  'DD/MM/YYYY'), 0);
INSERT INTO operacaoAgricola (idOperacao, dataOperacao, estadoOperacao)  values (183, TO_DATE('20/09/2023' ,  'DD/MM/YYYY'), 0);
INSERT INTO operacaoAgricola (idOperacao, dataOperacao, estadoOperacao)  values (184, TO_DATE('17/06/2023' ,  'DD/MM/YYYY'), 0);
INSERT INTO operacaoAgricola (idOperacao, dataOperacao, estadoOperacao)  values (185, TO_DATE('17/06/2023' ,  'DD/MM/YYYY'), 0);
INSERT INTO operacaoAgricola (idOperacao, dataOperacao, estadoOperacao)  values (186, TO_DATE('17/07/2023' ,  'DD/MM/YYYY'), 0);
INSERT INTO operacaoAgricola (idOperacao, dataOperacao, estadoOperacao)  values (187, TO_DATE('17/07/2023' ,  'DD/MM/YYYY'), 0);
INSERT INTO operacaoAgricola (idOperacao, dataOperacao, estadoOperacao)  values (188, TO_DATE('17/08/2023' ,  'DD/MM/YYYY'), 0);
INSERT INTO operacaoAgricola (idOperacao, dataOperacao, estadoOperacao)  values (189, TO_DATE('17/08/2023' ,  'DD/MM/YYYY'), 0);
INSERT INTO operacaoAgricola (idOperacao, dataOperacao, estadoOperacao)  values (190, TO_DATE('18/09/2023' ,  'DD/MM/YYYY'), 0);
INSERT INTO operacaoAgricola (idOperacao, dataOperacao, estadoOperacao)  values (191, TO_DATE('18/09/2023' ,  'DD/MM/YYYY'), 0);
INSERT INTO rega (idOperacao, idCultura, horaDeRega_Hora, horaDeRega_Minuto, duracao)  values (14, 22,7,0, 120);
INSERT INTO rega (idOperacao, idCultura, horaDeRega_Hora, horaDeRega_Minuto, duracao)  values (15, 23,7,0, 120);
INSERT INTO rega (idOperacao, idCultura, horaDeRega_Hora, horaDeRega_Minuto, duracao)  values (16, 24,7,0, 120);
INSERT INTO rega (idOperacao, idCultura, horaDeRega_Hora, horaDeRega_Minuto, duracao)  values (17, 25,7,0, 120);
INSERT INTO rega (idOperacao, idCultura, horaDeRega_Hora, horaDeRega_Minuto, duracao)  values (18, 22,7,0, 120);
INSERT INTO rega (idOperacao, idCultura, horaDeRega_Hora, horaDeRega_Minuto, duracao)  values (19, 23,7,0, 120);
INSERT INTO rega (idOperacao, idCultura, horaDeRega_Hora, horaDeRega_Minuto, duracao)  values (20, 24,7,0, 120);
INSERT INTO rega (idOperacao, idCultura, horaDeRega_Hora, horaDeRega_Minuto, duracao)  values (21, 25,7,0, 120);
INSERT INTO rega (idOperacao, idCultura, horaDeRega_Hora, horaDeRega_Minuto, duracao)  values (22, 22,7,0, 120);
INSERT INTO rega (idOperacao, idCultura, horaDeRega_Hora, horaDeRega_Minuto, duracao)  values (23, 23,7,0, 120);
INSERT INTO rega (idOperacao, idCultura, horaDeRega_Hora, horaDeRega_Minuto, duracao)  values (24, 24,7,0, 120);
INSERT INTO rega (idOperacao, idCultura, horaDeRega_Hora, horaDeRega_Minuto, duracao)  values (25, 25,7,0, 120);
INSERT INTO rega (idOperacao, idCultura, horaDeRega_Hora, horaDeRega_Minuto, duracao)  values (26, 22,7,0, 120);
INSERT INTO rega (idOperacao, idCultura, horaDeRega_Hora, horaDeRega_Minuto, duracao)  values (27, 23,7,0, 120);
INSERT INTO rega (idOperacao, idCultura, horaDeRega_Hora, horaDeRega_Minuto, duracao)  values (28, 24,7,0, 120);
INSERT INTO rega (idOperacao, idCultura, horaDeRega_Hora, horaDeRega_Minuto, duracao)  values (29, 25,7,0, 120);
INSERT INTO rega (idOperacao, idCultura, horaDeRega_Hora, horaDeRega_Minuto, duracao)  values (30, 22,7,0, 180);
INSERT INTO rega (idOperacao, idCultura, horaDeRega_Hora, horaDeRega_Minuto, duracao)  values (31, 23,7,0, 180);
INSERT INTO rega (idOperacao, idCultura, horaDeRega_Hora, horaDeRega_Minuto, duracao)  values (32, 24,7,0, 180);
INSERT INTO rega (idOperacao, idCultura, horaDeRega_Hora, horaDeRega_Minuto, duracao)  values (33, 25,7,0, 180);
INSERT INTO rega (idOperacao, idCultura, horaDeRega_Hora, horaDeRega_Minuto, duracao)  values (34, 22,22,0, 180);
INSERT INTO rega (idOperacao, idCultura, horaDeRega_Hora, horaDeRega_Minuto, duracao)  values (35, 23,22,0, 180);
INSERT INTO rega (idOperacao, idCultura, horaDeRega_Hora, horaDeRega_Minuto, duracao)  values (36, 24,22,0, 180);
INSERT INTO rega (idOperacao, idCultura, horaDeRega_Hora, horaDeRega_Minuto, duracao)  values (37, 25,22,0, 180);
INSERT INTO rega (idOperacao, idCultura, horaDeRega_Hora, horaDeRega_Minuto, duracao)  values (38, 22,22,0, 180);
INSERT INTO rega (idOperacao, idCultura, horaDeRega_Hora, horaDeRega_Minuto, duracao)  values (39, 23,22,0, 180);
INSERT INTO rega (idOperacao, idCultura, horaDeRega_Hora, horaDeRega_Minuto, duracao)  values (40, 24,22,0, 180);
INSERT INTO rega (idOperacao, idCultura, horaDeRega_Hora, horaDeRega_Minuto, duracao)  values (41, 25,22,0, 180);
INSERT INTO rega (idOperacao, idCultura, horaDeRega_Hora, horaDeRega_Minuto, duracao)  values (42, 22,22,0, 180);
INSERT INTO rega (idOperacao, idCultura, horaDeRega_Hora, horaDeRega_Minuto, duracao)  values (43, 23,22,0, 180);
INSERT INTO rega (idOperacao, idCultura, horaDeRega_Hora, horaDeRega_Minuto, duracao)  values (44, 24,22,0, 180);
INSERT INTO rega (idOperacao, idCultura, horaDeRega_Hora, horaDeRega_Minuto, duracao)  values (45, 25,22,0, 180);
INSERT INTO rega (idOperacao, idCultura, horaDeRega_Hora, horaDeRega_Minuto, duracao)  values (46, 22,22,0, 150);
INSERT INTO rega (idOperacao, idCultura, horaDeRega_Hora, horaDeRega_Minuto, duracao)  values (47, 23,22,0, 150);
INSERT INTO rega (idOperacao, idCultura, horaDeRega_Hora, horaDeRega_Minuto, duracao)  values (48, 24,22,0, 150);
INSERT INTO rega (idOperacao, idCultura, horaDeRega_Hora, horaDeRega_Minuto, duracao)  values (49, 25,22,0, 150);
INSERT INTO rega (idOperacao, idCultura, horaDeRega_Hora, horaDeRega_Minuto, duracao)  values (50, 22,22,0, 150);
INSERT INTO rega (idOperacao, idCultura, horaDeRega_Hora, horaDeRega_Minuto, duracao)  values (51, 23,22,0, 150);
INSERT INTO rega (idOperacao, idCultura, horaDeRega_Hora, horaDeRega_Minuto, duracao)  values (52, 24,22,0, 150);
INSERT INTO rega (idOperacao, idCultura, horaDeRega_Hora, horaDeRega_Minuto, duracao)  values (53, 25,22,0, 150);
INSERT INTO rega (idOperacao, idCultura, horaDeRega_Hora, horaDeRega_Minuto, duracao)  values (54, 22,22,0, 150);
INSERT INTO rega (idOperacao, idCultura, horaDeRega_Hora, horaDeRega_Minuto, duracao)  values (55, 23,22,0, 150);
INSERT INTO rega (idOperacao, idCultura, horaDeRega_Hora, horaDeRega_Minuto, duracao)  values (56, 24,22,0, 150);
INSERT INTO rega (idOperacao, idCultura, horaDeRega_Hora, horaDeRega_Minuto, duracao)  values (57, 25,22,0, 150);
INSERT INTO rega (idOperacao, idCultura, horaDeRega_Hora, horaDeRega_Minuto, duracao)  values (58, 22,22,0, 120);
INSERT INTO rega (idOperacao, idCultura, horaDeRega_Hora, horaDeRega_Minuto, duracao)  values (59, 23,22,0, 120);
INSERT INTO rega (idOperacao, idCultura, horaDeRega_Hora, horaDeRega_Minuto, duracao)  values (60, 24,22,0, 120);
INSERT INTO rega (idOperacao, idCultura, horaDeRega_Hora, horaDeRega_Minuto, duracao)  values (61, 25,22,0, 120);
INSERT INTO rega (idOperacao, idCultura, horaDeRega_Hora, horaDeRega_Minuto, duracao)  values (62, 22,22,0, 120);
INSERT INTO rega (idOperacao, idCultura, horaDeRega_Hora, horaDeRega_Minuto, duracao)  values (63, 23,22,0, 120);
INSERT INTO rega (idOperacao, idCultura, horaDeRega_Hora, horaDeRega_Minuto, duracao)  values (64, 24,22,0, 120);
INSERT INTO rega (idOperacao, idCultura, horaDeRega_Hora, horaDeRega_Minuto, duracao)  values (65, 25,22,0, 120);
INSERT INTO rega (idOperacao, idCultura, horaDeRega_Hora, horaDeRega_Minuto, duracao)  values (66, 22,22,0, 120);
INSERT INTO rega (idOperacao, idCultura, horaDeRega_Hora, horaDeRega_Minuto, duracao)  values (67, 23,22,0, 120);
INSERT INTO rega (idOperacao, idCultura, horaDeRega_Hora, horaDeRega_Minuto, duracao)  values (68, 24,22,0, 120);
INSERT INTO rega (idOperacao, idCultura, horaDeRega_Hora, horaDeRega_Minuto, duracao)  values (69, 25,22,0, 120);
INSERT INTO rega (idOperacao, idCultura, horaDeRega_Hora, horaDeRega_Minuto, duracao)  values (70, 22,22,0, 120);
INSERT INTO rega (idOperacao, idCultura, horaDeRega_Hora, horaDeRega_Minuto, duracao)  values (71, 23,22,0, 120);
INSERT INTO rega (idOperacao, idCultura, horaDeRega_Hora, horaDeRega_Minuto, duracao)  values (72, 24,22,0, 120);
INSERT INTO rega (idOperacao, idCultura, horaDeRega_Hora, horaDeRega_Minuto, duracao)  values (73, 25,22,0, 120);
INSERT INTO rega (idOperacao, idCultura, horaDeRega_Hora, horaDeRega_Minuto, duracao)  values (74,28,23,0, 120);
INSERT INTO rega (idOperacao, idCultura, horaDeRega_Hora, horaDeRega_Minuto, duracao)  values (75,29,23,0, 120);
INSERT INTO rega (idOperacao, idCultura, horaDeRega_Hora, horaDeRega_Minuto, duracao)  values (76,31,23,0, 120);
INSERT INTO rega (idOperacao, idCultura, horaDeRega_Hora, horaDeRega_Minuto, duracao)  values (77,32,23,0, 120);
INSERT INTO rega (idOperacao, idCultura, horaDeRega_Hora, horaDeRega_Minuto, duracao)  values (78,33,23,0, 120);
INSERT INTO rega (idOperacao, idCultura, horaDeRega_Hora, horaDeRega_Minuto, duracao)  values (79,28,23,0, 120);
INSERT INTO rega (idOperacao, idCultura, horaDeRega_Hora, horaDeRega_Minuto, duracao)  values (80,29,23,0, 120);
INSERT INTO rega (idOperacao, idCultura, horaDeRega_Hora, horaDeRega_Minuto, duracao)  values (81,31,23,0, 120);
INSERT INTO rega (idOperacao, idCultura, horaDeRega_Hora, horaDeRega_Minuto, duracao)  values (82,32,23,0, 120);
INSERT INTO rega (idOperacao, idCultura, horaDeRega_Hora, horaDeRega_Minuto, duracao)  values (83,33,23,0, 120);
INSERT INTO rega (idOperacao, idCultura, horaDeRega_Hora, horaDeRega_Minuto, duracao)  values (84,28,23,0, 120);
INSERT INTO rega (idOperacao, idCultura, horaDeRega_Hora, horaDeRega_Minuto, duracao)  values (85,29,23,0, 120);
INSERT INTO rega (idOperacao, idCultura, horaDeRega_Hora, horaDeRega_Minuto, duracao)  values (86,31,23,0, 120);
INSERT INTO rega (idOperacao, idCultura, horaDeRega_Hora, horaDeRega_Minuto, duracao)  values (87,32,23,0, 120);
INSERT INTO rega (idOperacao, idCultura, horaDeRega_Hora, horaDeRega_Minuto, duracao)  values (88,33,23,0, 120);
INSERT INTO rega (idOperacao, idCultura, horaDeRega_Hora, horaDeRega_Minuto, duracao)  values (89,28,23,0, 120);
INSERT INTO rega (idOperacao, idCultura, horaDeRega_Hora, horaDeRega_Minuto, duracao)  values (90,29,23,0, 120);
INSERT INTO rega (idOperacao, idCultura, horaDeRega_Hora, horaDeRega_Minuto, duracao)  values (91,31,23,0, 120);
INSERT INTO rega (idOperacao, idCultura, horaDeRega_Hora, horaDeRega_Minuto, duracao)  values (92,32,23,0, 120);
INSERT INTO rega (idOperacao, idCultura, horaDeRega_Hora, horaDeRega_Minuto, duracao)  values (93,33,23,0, 120);
INSERT INTO rega (idOperacao, idCultura, horaDeRega_Hora, horaDeRega_Minuto, duracao)  values (94,28,23,0, 180);
INSERT INTO rega (idOperacao, idCultura, horaDeRega_Hora, horaDeRega_Minuto, duracao)  values (95,29,23,0, 180);
INSERT INTO rega (idOperacao, idCultura, horaDeRega_Hora, horaDeRega_Minuto, duracao)  values (96,31,23,0, 180);
INSERT INTO rega (idOperacao, idCultura, horaDeRega_Hora, horaDeRega_Minuto, duracao)  values (97,32,23,0, 180);
INSERT INTO rega (idOperacao, idCultura, horaDeRega_Hora, horaDeRega_Minuto, duracao)  values (98,33,23,0, 180);
INSERT INTO rega (idOperacao, idCultura, horaDeRega_Hora, horaDeRega_Minuto, duracao)  values (99,28,23,0, 180);
INSERT INTO rega (idOperacao, idCultura, horaDeRega_Hora, horaDeRega_Minuto, duracao)  values (100,29,23,0, 180);
INSERT INTO rega (idOperacao, idCultura, horaDeRega_Hora, horaDeRega_Minuto, duracao)  values (101,31,23,0, 180);
INSERT INTO rega (idOperacao, idCultura, horaDeRega_Hora, horaDeRega_Minuto, duracao)  values (102,32,23,0, 180);
INSERT INTO rega (idOperacao, idCultura, horaDeRega_Hora, horaDeRega_Minuto, duracao)  values (103,33,23,0, 180);
INSERT INTO rega (idOperacao, idCultura, horaDeRega_Hora, horaDeRega_Minuto, duracao)  values (104,28,23,0, 180);
INSERT INTO rega (idOperacao, idCultura, horaDeRega_Hora, horaDeRega_Minuto, duracao)  values (105,29,23,0, 180);
INSERT INTO rega (idOperacao, idCultura, horaDeRega_Hora, horaDeRega_Minuto, duracao)  values (106,31,23,0, 180);
INSERT INTO rega (idOperacao, idCultura, horaDeRega_Hora, horaDeRega_Minuto, duracao)  values (107,32,23,0, 180);
INSERT INTO rega (idOperacao, idCultura, horaDeRega_Hora, horaDeRega_Minuto, duracao)  values (108,33,23,0, 180);
INSERT INTO rega (idOperacao, idCultura, horaDeRega_Hora, horaDeRega_Minuto, duracao)  values (109,28,23,0, 180);
INSERT INTO rega (idOperacao, idCultura, horaDeRega_Hora, horaDeRega_Minuto, duracao)  values (110,29,23,0, 180);
INSERT INTO rega (idOperacao, idCultura, horaDeRega_Hora, horaDeRega_Minuto, duracao)  values (111,31,23,0, 180);
INSERT INTO rega (idOperacao, idCultura, horaDeRega_Hora, horaDeRega_Minuto, duracao)  values (112,32,23,0, 180);
INSERT INTO rega (idOperacao, idCultura, horaDeRega_Hora, horaDeRega_Minuto, duracao)  values (113,33,23,0, 180);
INSERT INTO rega (idOperacao, idCultura, horaDeRega_Hora, horaDeRega_Minuto, duracao)  values (114,28,23,0, 150);
INSERT INTO rega (idOperacao, idCultura, horaDeRega_Hora, horaDeRega_Minuto, duracao)  values (115,29,23,0, 150);
INSERT INTO rega (idOperacao, idCultura, horaDeRega_Hora, horaDeRega_Minuto, duracao)  values (116,31,23,0, 150);
INSERT INTO rega (idOperacao, idCultura, horaDeRega_Hora, horaDeRega_Minuto, duracao)  values (117,32,23,0, 150);
INSERT INTO rega (idOperacao, idCultura, horaDeRega_Hora, horaDeRega_Minuto, duracao)  values (118,33,23,0, 150);
INSERT INTO rega (idOperacao, idCultura, horaDeRega_Hora, horaDeRega_Minuto, duracao)  values (119,28,23,0, 150);
INSERT INTO rega (idOperacao, idCultura, horaDeRega_Hora, horaDeRega_Minuto, duracao)  values (120,29,23,0, 150);
INSERT INTO rega (idOperacao, idCultura, horaDeRega_Hora, horaDeRega_Minuto, duracao)  values (121,31,23,0, 150);
INSERT INTO rega (idOperacao, idCultura, horaDeRega_Hora, horaDeRega_Minuto, duracao)  values (122,32,23,0, 150);
INSERT INTO rega (idOperacao, idCultura, horaDeRega_Hora, horaDeRega_Minuto, duracao)  values (123,33,23,0, 150);
INSERT INTO rega (idOperacao, idCultura, horaDeRega_Hora, horaDeRega_Minuto, duracao)  values (124,28,23,0, 150);
INSERT INTO rega (idOperacao, idCultura, horaDeRega_Hora, horaDeRega_Minuto, duracao)  values (125,29,23,0, 150);
INSERT INTO rega (idOperacao, idCultura, horaDeRega_Hora, horaDeRega_Minuto, duracao)  values (126,31,23,0, 150);
INSERT INTO rega (idOperacao, idCultura, horaDeRega_Hora, horaDeRega_Minuto, duracao)  values (127,32,23,0, 150);
INSERT INTO rega (idOperacao, idCultura, horaDeRega_Hora, horaDeRega_Minuto, duracao)  values (128,33,23,0, 150);
INSERT INTO rega (idOperacao, idCultura, horaDeRega_Hora, horaDeRega_Minuto, duracao)  values (129,28,23,0, 120);
INSERT INTO rega (idOperacao, idCultura, horaDeRega_Hora, horaDeRega_Minuto, duracao)  values (130,29,23,0, 120);
INSERT INTO rega (idOperacao, idCultura, horaDeRega_Hora, horaDeRega_Minuto, duracao)  values (131,31,23,0, 120);
INSERT INTO rega (idOperacao, idCultura, horaDeRega_Hora, horaDeRega_Minuto, duracao)  values (132,32,23,0, 120);
INSERT INTO rega (idOperacao, idCultura, horaDeRega_Hora, horaDeRega_Minuto, duracao)  values (133,33,23,0, 120);
INSERT INTO rega (idOperacao, idCultura, horaDeRega_Hora, horaDeRega_Minuto, duracao)  values (134,28,23,0, 120);
INSERT INTO rega (idOperacao, idCultura, horaDeRega_Hora, horaDeRega_Minuto, duracao)  values (135,29,23,0, 120);
INSERT INTO rega (idOperacao, idCultura, horaDeRega_Hora, horaDeRega_Minuto, duracao)  values (136,31,23,0, 120);
INSERT INTO rega (idOperacao, idCultura, horaDeRega_Hora, horaDeRega_Minuto, duracao)  values (137,32,23,0, 120);
INSERT INTO rega (idOperacao, idCultura, horaDeRega_Hora, horaDeRega_Minuto, duracao)  values (138,33,23,0, 120);
INSERT INTO rega (idOperacao, idCultura, horaDeRega_Hora, horaDeRega_Minuto, duracao)  values (139,28,23,0, 120);
INSERT INTO rega (idOperacao, idCultura, horaDeRega_Hora, horaDeRega_Minuto, duracao)  values (140,29,23,0, 120);
INSERT INTO rega (idOperacao, idCultura, horaDeRega_Hora, horaDeRega_Minuto, duracao)  values (141,31,23,0, 120);
INSERT INTO rega (idOperacao, idCultura, horaDeRega_Hora, horaDeRega_Minuto, duracao)  values (142,32,23,0, 120);
INSERT INTO rega (idOperacao, idCultura, horaDeRega_Hora, horaDeRega_Minuto, duracao)  values (143,33,23,0, 120);
INSERT INTO rega (idOperacao, idCultura, horaDeRega_Hora, horaDeRega_Minuto, duracao)  values (144,28,23,0, 120);
INSERT INTO rega (idOperacao, idCultura, horaDeRega_Hora, horaDeRega_Minuto, duracao)  values (145,29,23,0, 120);
INSERT INTO rega (idOperacao, idCultura, horaDeRega_Hora, horaDeRega_Minuto, duracao)  values (146,31,23,0, 120);
INSERT INTO rega (idOperacao, idCultura, horaDeRega_Hora, horaDeRega_Minuto, duracao)  values (147,32,23,0, 120);
INSERT INTO rega (idOperacao, idCultura, horaDeRega_Hora, horaDeRega_Minuto, duracao)  values (148,33,23,0, 120);
INSERT INTO rega (idOperacao, idCultura, horaDeRega_Hora, horaDeRega_Minuto, duracao)  values (149, 11,6,0, 60);
INSERT INTO rega (idOperacao, idCultura, horaDeRega_Hora, horaDeRega_Minuto, duracao)  values (150, 12,6,0, 60);
INSERT INTO rega (idOperacao, idCultura, horaDeRega_Hora, horaDeRega_Minuto, duracao)  values (151, 11,5,0, 30);
INSERT INTO rega (idOperacao, idCultura, horaDeRega_Hora, horaDeRega_Minuto, duracao)  values (152, 12,5,0, 30);
INSERT INTO rega (idOperacao, idCultura, horaDeRega_Hora, horaDeRega_Minuto, duracao)  values (153, 11,6,0, 120);
INSERT INTO rega (idOperacao, idCultura, horaDeRega_Hora, horaDeRega_Minuto, duracao)  values (154, 12,6,0, 120);
INSERT INTO rega (idOperacao, idCultura, horaDeRega_Hora, horaDeRega_Minuto, duracao)  values (155, 11,5,0, 30);
INSERT INTO rega (idOperacao, idCultura, horaDeRega_Hora, horaDeRega_Minuto, duracao)  values (156, 12,5,0, 30);
INSERT INTO rega (idOperacao, idCultura, horaDeRega_Hora, horaDeRega_Minuto, duracao)  values (157, 11,5,0, 180);
INSERT INTO rega (idOperacao, idCultura, horaDeRega_Hora, horaDeRega_Minuto, duracao)  values (158, 12,5,0, 180);
INSERT INTO rega (idOperacao, idCultura, horaDeRega_Hora, horaDeRega_Minuto, duracao)  values (159, 11,5,0, 60);
INSERT INTO rega (idOperacao, idCultura, horaDeRega_Hora, horaDeRega_Minuto, duracao)  values (160, 12,5,0, 60);
INSERT INTO rega (idOperacao, idCultura, horaDeRega_Hora, horaDeRega_Minuto, duracao)  values (161, 11,6,0, 120);
INSERT INTO rega (idOperacao, idCultura, horaDeRega_Hora, horaDeRega_Minuto, duracao)  values (162, 12,6,0, 120);
INSERT INTO rega (idOperacao, idCultura, horaDeRega_Hora, horaDeRega_Minuto, duracao)  values (163, 11,5,0, 30);
INSERT INTO rega (idOperacao, idCultura, horaDeRega_Hora, horaDeRega_Minuto, duracao)  values (164, 12,5,0, 30);
INSERT INTO rega (idOperacao, idCultura, horaDeRega_Hora, horaDeRega_Minuto, duracao)  values (165, 11,6,0, 60);
INSERT INTO rega (idOperacao, idCultura, horaDeRega_Hora, horaDeRega_Minuto, duracao)  values (166, 12,6,0, 60);
INSERT INTO rega (idOperacao, idCultura, horaDeRega_Hora, horaDeRega_Minuto, duracao)  values (167, 36,6,0, 60);
INSERT INTO rega (idOperacao, idCultura, horaDeRega_Hora, horaDeRega_Minuto, duracao)  values (168, 36,6,0, 60);
INSERT INTO rega (idOperacao, idCultura, horaDeRega_Hora, horaDeRega_Minuto, duracao)  values (169, 36,4,0, 120);
INSERT INTO rega (idOperacao, idCultura, horaDeRega_Hora, horaDeRega_Minuto, duracao)  values (170, 36,4,0, 120);
INSERT INTO rega (idOperacao, idCultura, horaDeRega_Hora, horaDeRega_Minuto, duracao)  values (171, 36,4,0, 120);
INSERT INTO rega (idOperacao, idCultura, horaDeRega_Hora, horaDeRega_Minuto, duracao)  values (172, 36,4,0, 150);
INSERT INTO rega (idOperacao, idCultura, horaDeRega_Hora, horaDeRega_Minuto, duracao)  values (173, 36,4,0, 150);
INSERT INTO rega (idOperacao, idCultura, horaDeRega_Hora, horaDeRega_Minuto, duracao)  values (174, 36,21,30, 120);
INSERT INTO rega (idOperacao, idCultura, horaDeRega_Hora, horaDeRega_Minuto, duracao)  values (175, 36,21,30, 120);
INSERT INTO rega (idOperacao, idCultura, horaDeRega_Hora, horaDeRega_Minuto, duracao)  values (176, 36,21,30, 120);
INSERT INTO rega (idOperacao, idCultura, horaDeRega_Hora, horaDeRega_Minuto, duracao)  values (177, 36,21,30, 120);
INSERT INTO rega (idOperacao, idCultura, horaDeRega_Hora, horaDeRega_Minuto, duracao)  values (178, 36,21,30, 120);
INSERT INTO rega (idOperacao, idCultura, horaDeRega_Hora, horaDeRega_Minuto, duracao)  values (179, 36,21,30, 120);
INSERT INTO rega (idOperacao, idCultura, horaDeRega_Hora, horaDeRega_Minuto, duracao)  values (180,35,7,30, 120);
INSERT INTO rega (idOperacao, idCultura, horaDeRega_Hora, horaDeRega_Minuto, duracao)  values (181,37,6,20, 120);
INSERT INTO rega (idOperacao, idCultura, horaDeRega_Hora, horaDeRega_Minuto, duracao)  values (182,37,6,20, 120);
INSERT INTO rega (idOperacao, idCultura, horaDeRega_Hora, horaDeRega_Minuto, duracao)  values (183,37,6,20, 120);
INSERT INTO rega (idOperacao, idCultura, horaDeRega_Hora, horaDeRega_Minuto, duracao)  values (184,37,6,20, 120);
INSERT INTO rega (idOperacao, idCultura, horaDeRega_Hora, horaDeRega_Minuto, duracao)  values (185,37,6,20, 120);
INSERT INTO rega (idOperacao, idCultura, horaDeRega_Hora, horaDeRega_Minuto, duracao)  values (186,37,6,20, 120);
INSERT INTO rega (idOperacao, idCultura, horaDeRega_Hora, horaDeRega_Minuto, duracao)  values (187,37,6,20, 120);
INSERT INTO rega (idOperacao, idCultura, horaDeRega_Hora, horaDeRega_Minuto, duracao)  values (188,37,6,20, 120);
INSERT INTO rega (idOperacao, idCultura, horaDeRega_Hora, horaDeRega_Minuto, duracao)  values (189,37,6,20, 120);
INSERT INTO rega (idOperacao, idCultura, horaDeRega_Hora, horaDeRega_Minuto, duracao)  values (190,37,7,0, 120);
INSERT INTO rega (idOperacao, idCultura, horaDeRega_Hora, horaDeRega_Minuto, duracao)  values (191,37,7,0, 120);

INSERT INTO fertirega (idOperacao, idMix) values (149,10);
INSERT INTO fertirega (idOperacao, idMix) values (150,10);
INSERT INTO fertirega (idOperacao, idMix) values (151,10);
INSERT INTO fertirega (idOperacao, idMix) values (152,10);
INSERT INTO fertirega (idOperacao, idMix) values (153,10);
INSERT INTO fertirega (idOperacao, idMix) values (154,10);

INSERT INTO fertirega (idOperacao, idMix) values (84,10);
INSERT INTO fertirega (idOperacao, idMix) values (85,10);
INSERT INTO fertirega (idOperacao, idMix) values (86,10);
INSERT INTO fertirega (idOperacao, idMix) values (87,10);
INSERT INTO fertirega (idOperacao, idMix) values (88,10);
INSERT INTO fertirega (idOperacao, idMix) values (99,11);
INSERT INTO fertirega (idOperacao, idMix) values (100,11);
INSERT INTO fertirega (idOperacao, idMix) values (101,11);
INSERT INTO fertirega (idOperacao, idMix) values (102,11);
INSERT INTO fertirega (idOperacao, idMix) values (103,11);
INSERT INTO fertirega (idOperacao, idMix) values (119,10);
INSERT INTO fertirega (idOperacao, idMix) values (120,10);
INSERT INTO fertirega (idOperacao, idMix) values (121,10);
INSERT INTO fertirega (idOperacao, idMix) values (122,10);
INSERT INTO fertirega (idOperacao, idMix) values (123,10);
INSERT INTO fertirega (idOperacao, idMix) values (139,11);
INSERT INTO fertirega (idOperacao, idMix) values (140,11);
INSERT INTO fertirega (idOperacao, idMix) values (141,11);
INSERT INTO fertirega (idOperacao, idMix) values (142,11);
INSERT INTO fertirega (idOperacao, idMix) values (143,11);
INSERT INTO fertirega (idOperacao, idMix) values (161,11);
INSERT INTO fertirega (idOperacao, idMix) values (163,10);
INSERT INTO fertirega (idOperacao, idMix) values (165,11);
INSERT INTO fertirega (idOperacao, idMix) values (167,10);
INSERT INTO fertirega (idOperacao, idMix) values (172,11);
INSERT INTO fertirega (idOperacao, idMix) values (173,10);


INSERT INTO operacaoAgricola (idOperacao, dataOperacao, estadoOperacao)  values (192, TO_DATE('04/11/2017' ,  'DD/MM/YYYY'), 0);
INSERT INTO operacaoAgricola (idOperacao, dataOperacao, estadoOperacao)  values (193, TO_DATE('04/11/2017' ,  'DD/MM/YYYY'), 0);
INSERT INTO operacaoAgricola (idOperacao, dataOperacao, estadoOperacao)  values (194, TO_DATE('07/01/2018' ,  'DD/MM/YYYY'), 0);
INSERT INTO operacaoAgricola (idOperacao, dataOperacao, estadoOperacao)  values (195, TO_DATE('08/01/2018' ,  'DD/MM/YYYY'), 0);
INSERT INTO operacaoAgricola (idOperacao, dataOperacao, estadoOperacao)  values (196, TO_DATE('08/01/2018' ,  'DD/MM/YYYY'), 0);
INSERT INTO operacaoAgricola (idOperacao, dataOperacao, estadoOperacao)  values (197, TO_DATE('17/11/2018' ,  'DD/MM/YYYY'), 0);
INSERT INTO operacaoAgricola (idOperacao, dataOperacao, estadoOperacao)  values (198, TO_DATE('17/11/2018' ,  'DD/MM/YYYY'), 0);
INSERT INTO operacaoAgricola (idOperacao, dataOperacao, estadoOperacao)  values (199, TO_DATE('07/01/2019' ,  'DD/MM/YYYY'), 0);
INSERT INTO operacaoAgricola (idOperacao, dataOperacao, estadoOperacao)  values (200, TO_DATE('08/01/2019' ,  'DD/MM/YYYY'), 0);
INSERT INTO operacaoAgricola (idOperacao, dataOperacao, estadoOperacao)  values (201, TO_DATE('08/01/2019' ,  'DD/MM/YYYY'), 0);
INSERT INTO operacaoAgricola (idOperacao, dataOperacao, estadoOperacao)  values (202, TO_DATE('15/11/2019' ,  'DD/MM/YYYY'), 0);
INSERT INTO operacaoAgricola (idOperacao, dataOperacao, estadoOperacao)  values (203, TO_DATE('15/11/2019' ,  'DD/MM/YYYY'), 0);
INSERT INTO operacaoAgricola (idOperacao, dataOperacao, estadoOperacao)  values (204, TO_DATE('10/11/2020' ,  'DD/MM/YYYY'), 0);
INSERT INTO operacaoAgricola (idOperacao, dataOperacao, estadoOperacao)  values (205, TO_DATE('10/11/2020' ,  'DD/MM/YYYY'), 0);
INSERT INTO operacaoAgricola (idOperacao, dataOperacao, estadoOperacao)  values (206, TO_DATE('05/12/2020' ,  'DD/MM/YYYY'), 0);
INSERT INTO operacaoAgricola (idOperacao, dataOperacao, estadoOperacao)  values (207, TO_DATE('05/12/2020' ,  'DD/MM/YYYY'), 0);
INSERT INTO operacaoAgricola (idOperacao, dataOperacao, estadoOperacao)  values (208, TO_DATE('15/12/2020' ,  'DD/MM/YYYY'), 0);
INSERT INTO operacaoAgricola (idOperacao, dataOperacao, estadoOperacao)  values (209, TO_DATE('15/12/2020' ,  'DD/MM/YYYY'), 0);
INSERT INTO operacaoAgricola (idOperacao, dataOperacao, estadoOperacao)  values (210, TO_DATE('17/11/2021' ,  'DD/MM/YYYY'), 0);
INSERT INTO operacaoAgricola (idOperacao, dataOperacao, estadoOperacao)  values (211, TO_DATE('17/11/2021' ,  'DD/MM/YYYY'), 0);
INSERT INTO operacaoAgricola (idOperacao, dataOperacao, estadoOperacao)  values (212, TO_DATE('28/11/2021' ,  'DD/MM/YYYY'), 0);
INSERT INTO operacaoAgricola (idOperacao, dataOperacao, estadoOperacao)  values (213, TO_DATE('03/12/2021' ,  'DD/MM/YYYY'), 0);
INSERT INTO operacaoAgricola (idOperacao, dataOperacao, estadoOperacao)  values (214, TO_DATE('18/12/2021' ,  'DD/MM/YYYY'), 0);
INSERT INTO operacaoAgricola (idOperacao, dataOperacao, estadoOperacao)  values (215, TO_DATE('10/11/2022' ,  'DD/MM/YYYY'), 0);
INSERT INTO operacaoAgricola (idOperacao, dataOperacao, estadoOperacao)  values (216, TO_DATE('10/11/2022' ,  'DD/MM/YYYY'), 0);
INSERT INTO operacaoAgricola (idOperacao, dataOperacao, estadoOperacao)  values (217, TO_DATE('04/12/2022' ,  'DD/MM/YYYY'), 0);
INSERT INTO operacaoAgricola (idOperacao, dataOperacao, estadoOperacao)  values (218, TO_DATE('07/12/2022' ,  'DD/MM/YYYY'), 0);
INSERT INTO operacaoAgricola (idOperacao, dataOperacao, estadoOperacao)  values (219, TO_DATE('12/01/2023' ,  'DD/MM/YYYY'), 0);
INSERT INTO poda (idOperacao, idCultura, QuantidadePodada)  values (192, 11, 30);
INSERT INTO poda (idOperacao, idCultura, QuantidadePodada)  values (193, 12, 20);
INSERT INTO poda (idOperacao, idCultura, QuantidadePodada)  values (194, 22, 90);
INSERT INTO poda (idOperacao, idCultura, QuantidadePodada)  values (195, 23, 60);
INSERT INTO poda (idOperacao, idCultura, QuantidadePodada)  values (196, 24, 40);
INSERT INTO poda (idOperacao, idCultura, QuantidadePodada)  values (197, 11, 30);
INSERT INTO poda (idOperacao, idCultura, QuantidadePodada)  values (198, 12, 20);
INSERT INTO poda (idOperacao, idCultura, QuantidadePodada)  values (199, 22, 90);
INSERT INTO poda (idOperacao, idCultura, QuantidadePodada)  values (200, 23, 60);
INSERT INTO poda (idOperacao, idCultura, QuantidadePodada)  values (201, 24, 40);
INSERT INTO poda (idOperacao, idCultura, QuantidadePodada)  values (202, 11, 30);
INSERT INTO poda (idOperacao, idCultura, QuantidadePodada)  values (203, 12, 20);
INSERT INTO poda (idOperacao, idCultura, QuantidadePodada)  values (204, 11, 30);
INSERT INTO poda (idOperacao, idCultura, QuantidadePodada)  values (205, 12, 20);
INSERT INTO poda (idOperacao, idCultura, QuantidadePodada)  values (206, 25, 70);
INSERT INTO poda (idOperacao, idCultura, QuantidadePodada)  values (207, 22, 50);
INSERT INTO poda (idOperacao, idCultura, QuantidadePodada)  values (208, 22, 40);
INSERT INTO poda (idOperacao, idCultura, QuantidadePodada)  values (209, 23, 60);
INSERT INTO poda (idOperacao, idCultura, QuantidadePodada)  values (210, 11, 30);
INSERT INTO poda (idOperacao, idCultura, QuantidadePodada)  values (211, 12, 20);
INSERT INTO poda (idOperacao, idCultura, QuantidadePodada)  values (212, 24, 70);
INSERT INTO poda (idOperacao, idCultura, QuantidadePodada)  values (213, 22, 90);
INSERT INTO poda (idOperacao, idCultura, QuantidadePodada)  values (214, 23, 60);
INSERT INTO poda (idOperacao, idCultura, QuantidadePodada)  values (215, 11, 30);
INSERT INTO poda (idOperacao, idCultura, QuantidadePodada)  values (216, 12, 20);
INSERT INTO poda (idOperacao, idCultura, QuantidadePodada)  values (217, 25, 70);
INSERT INTO poda (idOperacao, idCultura, QuantidadePodada)  values (218, 22, 90);
INSERT INTO poda (idOperacao, idCultura, QuantidadePodada)  values (219, 23, 60);


INSERT INTO operacaoAgricola (idOperacao, dataOperacao, estadoOperacao)  values (220, TO_DATE('12/03/2020' ,  'DD/MM/YYYY'), 0);
INSERT INTO operacaoAgricola (idOperacao, dataOperacao, estadoOperacao)  values (221, TO_DATE('05/04/2020' ,  'DD/MM/YYYY'), 0);
INSERT INTO operacaoAgricola (idOperacao, dataOperacao, estadoOperacao)  values (222, TO_DATE('02/06/2020' ,  'DD/MM/YYYY'), 0);
INSERT INTO operacaoAgricola (idOperacao, dataOperacao, estadoOperacao)  values (223, TO_DATE('20/09/2020' ,  'DD/MM/YYYY'), 0);
INSERT INTO operacaoAgricola (idOperacao, dataOperacao, estadoOperacao)  values (224, TO_DATE('10/10/2020' ,  'DD/MM/YYYY'), 0);
INSERT INTO operacaoAgricola (idOperacao, dataOperacao, estadoOperacao)  values (225, TO_DATE('12/10/2020' ,  'DD/MM/YYYY'), 0);
INSERT INTO operacaoAgricola (idOperacao, dataOperacao, estadoOperacao)  values (226, TO_DATE('10/03/2021' ,  'DD/MM/YYYY'), 0);
INSERT INTO operacaoAgricola (idOperacao, dataOperacao, estadoOperacao)  values (227, TO_DATE('03/04/2021' ,  'DD/MM/YYYY'), 0);
INSERT INTO operacaoAgricola (idOperacao, dataOperacao, estadoOperacao)  values (228, TO_DATE('15/04/2021' ,  'DD/MM/YYYY'), 0);
INSERT INTO operacaoAgricola (idOperacao, dataOperacao, estadoOperacao)  values (229, TO_DATE('02/06/2021' ,  'DD/MM/YYYY'), 0);
INSERT INTO operacaoAgricola (idOperacao, dataOperacao, estadoOperacao)  values (230, TO_DATE('20/09/2021' ,  'DD/MM/YYYY'), 0);
INSERT INTO operacaoAgricola (idOperacao, dataOperacao, estadoOperacao)  values (231, TO_DATE('03/10/2021' ,  'DD/MM/YYYY'), 0);
INSERT INTO operacaoAgricola (idOperacao, dataOperacao, estadoOperacao)  values (232, TO_DATE('06/10/2021' ,  'DD/MM/YYYY'), 0);
INSERT INTO operacaoAgricola (idOperacao, dataOperacao, estadoOperacao)  values (233, TO_DATE('06/03/2022' ,  'DD/MM/YYYY'), 0);
INSERT INTO operacaoAgricola (idOperacao, dataOperacao, estadoOperacao)  values (234, TO_DATE('08/04/2022' ,  'DD/MM/YYYY'), 0);
INSERT INTO operacaoAgricola (idOperacao, dataOperacao, estadoOperacao)  values (235, TO_DATE('15/04/2022' ,  'DD/MM/YYYY'), 0);
INSERT INTO operacaoAgricola (idOperacao, dataOperacao, estadoOperacao)  values (236, TO_DATE('30/05/2022' ,  'DD/MM/YYYY'), 0);
INSERT INTO operacaoAgricola (idOperacao, dataOperacao, estadoOperacao)  values (237, TO_DATE('20/09/2022' ,  'DD/MM/YYYY'), 0);
INSERT INTO operacaoAgricola (idOperacao, dataOperacao, estadoOperacao)  values (238, TO_DATE('12/10/2022' ,  'DD/MM/YYYY'), 0);
INSERT INTO operacaoAgricola (idOperacao, dataOperacao, estadoOperacao)  values (239, TO_DATE('05/04/2023' ,  'DD/MM/YYYY'), 0);
INSERT INTO operacaoAgricola (idOperacao, dataOperacao, estadoOperacao)  values (240, TO_DATE('06/04/2023' ,  'DD/MM/YYYY'), 0);
INSERT INTO operacaoAgricola (idOperacao, dataOperacao, estadoOperacao)  values (241, TO_DATE('05/07/2023' ,  'DD/MM/YYYY'), 0);
INSERT INTO operacaoAgricola (idOperacao, dataOperacao, estadoOperacao)  values (242, TO_DATE('12/10/2023' ,  'DD/MM/YYYY'), 0);
INSERT INTO semeadura (idOperacao, idCultura, quantidadeSemeada)  values (220, 13, 0.9);
INSERT INTO semeadura (idOperacao, idCultura, quantidadeSemeada)  values (221, 5, 1.2);
INSERT INTO semeadura (idOperacao, idCultura, quantidadeSemeada)  values (222, 14, 0.6);
INSERT INTO semeadura (idOperacao, idCultura, quantidadeSemeada)  values (223, 15, 0.6);
INSERT INTO semeadura (idOperacao, idCultura, quantidadeSemeada)  values (224, 1, 36);
INSERT INTO semeadura (idOperacao, idCultura, quantidadeSemeada)  values (225, 6, 1.3);
INSERT INTO semeadura (idOperacao, idCultura, quantidadeSemeada)  values (226, 16, 0.9);
INSERT INTO semeadura (idOperacao, idCultura, quantidadeSemeada)  values (227, 7, 1.2);
INSERT INTO semeadura (idOperacao, idCultura, quantidadeSemeada)  values (228, 2, 30);
INSERT INTO semeadura (idOperacao, idCultura, quantidadeSemeada)  values (229, 17, 0.6);
INSERT INTO semeadura (idOperacao, idCultura, quantidadeSemeada)  values (230, 18, 0.6);
INSERT INTO semeadura (idOperacao, idCultura, quantidadeSemeada)  values (231, 3, 36);
INSERT INTO semeadura (idOperacao, idCultura, quantidadeSemeada)  values (232, 8, 1.3);
INSERT INTO semeadura (idOperacao, idCultura, quantidadeSemeada)  values (233, 19, 0.9);
INSERT INTO semeadura (idOperacao, idCultura, quantidadeSemeada)  values (234, 9, 1.2);
INSERT INTO semeadura (idOperacao, idCultura, quantidadeSemeada)  values (235, 4, 30);
INSERT INTO semeadura (idOperacao, idCultura, quantidadeSemeada)  values (236, 20, 0.6);
INSERT INTO semeadura (idOperacao, idCultura, quantidadeSemeada)  values (237, 21, 0.6);
INSERT INTO semeadura (idOperacao, idCultura, quantidadeSemeada)  values (238, 10, 1.3);
INSERT INTO semeadura (idOperacao, idCultura, quantidadeSemeada)  values (239, 35 , 1.2);
INSERT INTO semeadura (idOperacao, idCultura, quantidadeSemeada)  values (240, 36 , 1.5);
INSERT INTO semeadura (idOperacao, idCultura, quantidadeSemeada)  values (241, 37 , 1.2);
INSERT INTO semeadura (idOperacao, idCultura, quantidadeSemeada)  values (242, 38 , 32);


INSERT INTO operacaoAgricola (idOperacao, dataOperacao, estadoOperacao)  values (243, TO_DATE('05/05/2020' ,  'DD/MM/YYYY'), 0);
INSERT INTO operacaoAgricola (idOperacao, dataOperacao, estadoOperacao)  values (244, TO_DATE('15/05/2020' ,  'DD/MM/YYYY'), 0);
INSERT INTO operacaoAgricola (idOperacao, dataOperacao, estadoOperacao)  values (245, TO_DATE('20/08/2020' ,  'DD/MM/YYYY'), 0);
INSERT INTO operacaoAgricola (idOperacao, dataOperacao, estadoOperacao)  values (246, TO_DATE('28/08/2020' ,  'DD/MM/YYYY'), 0);
INSERT INTO operacaoAgricola (idOperacao, dataOperacao, estadoOperacao)  values (247, TO_DATE('07/09/2020' ,  'DD/MM/YYYY'), 0);
INSERT INTO operacaoAgricola (idOperacao, dataOperacao, estadoOperacao)  values (248, TO_DATE('15/11/2020' ,  'DD/MM/YYYY'), 0);
INSERT INTO operacaoAgricola (idOperacao, dataOperacao, estadoOperacao)  values (249, TO_DATE('18/12/2020' ,  'DD/MM/YYYY'), 0);
INSERT INTO operacaoAgricola (idOperacao, dataOperacao, estadoOperacao)  values (250, TO_DATE('04/01/2021' ,  'DD/MM/YYYY'), 0);
INSERT INTO operacaoAgricola (idOperacao, dataOperacao, estadoOperacao)  values (251, TO_DATE('05/05/2021' ,  'DD/MM/YYYY'), 0);
INSERT INTO operacaoAgricola (idOperacao, dataOperacao, estadoOperacao)  values (252, TO_DATE('15/05/2021' ,  'DD/MM/YYYY'), 0);
INSERT INTO operacaoAgricola (idOperacao, dataOperacao, estadoOperacao)  values (253, TO_DATE('12/08/2021' ,  'DD/MM/YYYY'), 0);
INSERT INTO operacaoAgricola (idOperacao, dataOperacao, estadoOperacao)  values (254, TO_DATE('24/08/2021' ,  'DD/MM/YYYY'), 0);
INSERT INTO operacaoAgricola (idOperacao, dataOperacao, estadoOperacao)  values (255, TO_DATE('25/08/2021' ,  'DD/MM/YYYY'), 0);
INSERT INTO operacaoAgricola (idOperacao, dataOperacao, estadoOperacao)  values (256, TO_DATE('28/08/2021' ,  'DD/MM/YYYY'), 0);
INSERT INTO operacaoAgricola (idOperacao, dataOperacao, estadoOperacao)  values (257, TO_DATE('05/09/2021' ,  'DD/MM/YYYY'), 0);
INSERT INTO operacaoAgricola (idOperacao, dataOperacao, estadoOperacao)  values (258, TO_DATE('07/09/2021' ,  'DD/MM/YYYY'), 0);
INSERT INTO operacaoAgricola (idOperacao, dataOperacao, estadoOperacao)  values (259, TO_DATE('12/09/2021' ,  'DD/MM/YYYY'), 0);
INSERT INTO operacaoAgricola (idOperacao, dataOperacao, estadoOperacao)  values (260, TO_DATE('23/09/2021' ,  'DD/MM/YYYY'), 0);
INSERT INTO operacaoAgricola (idOperacao, dataOperacao, estadoOperacao)  values (261, TO_DATE('12/10/2021' ,  'DD/MM/YYYY'), 0);
INSERT INTO operacaoAgricola (idOperacao, dataOperacao, estadoOperacao)  values (262, TO_DATE('03/11/2021' ,  'DD/MM/YYYY'), 0);
INSERT INTO operacaoAgricola (idOperacao, dataOperacao, estadoOperacao)  values (263, TO_DATE('10/11/2021' ,  'DD/MM/YYYY'), 0);
INSERT INTO operacaoAgricola (idOperacao, dataOperacao, estadoOperacao)  values (264, TO_DATE('10/11/2021' ,  'DD/MM/YYYY'), 0);
INSERT INTO operacaoAgricola (idOperacao, dataOperacao, estadoOperacao)  values (265, TO_DATE('15/11/2021' ,  'DD/MM/YYYY'), 0);
INSERT INTO operacaoAgricola (idOperacao, dataOperacao, estadoOperacao)  values (266, TO_DATE('18/12/2021' ,  'DD/MM/YYYY'), 0);
INSERT INTO operacaoAgricola (idOperacao, dataOperacao, estadoOperacao)  values (267, TO_DATE('04/01/2022' ,  'DD/MM/YYYY'), 0);
INSERT INTO operacaoAgricola (idOperacao, dataOperacao, estadoOperacao)  values (268, TO_DATE('05/05/2022' ,  'DD/MM/YYYY'), 0);
INSERT INTO operacaoAgricola (idOperacao, dataOperacao, estadoOperacao)  values (269, TO_DATE('15/05/2022' ,  'DD/MM/YYYY'), 0);
INSERT INTO operacaoAgricola (idOperacao, dataOperacao, estadoOperacao)  values (270, TO_DATE('17/08/2022' ,  'DD/MM/YYYY'), 0);
INSERT INTO operacaoAgricola (idOperacao, dataOperacao, estadoOperacao)  values (271, TO_DATE('18/08/2022' ,  'DD/MM/YYYY'), 0);
INSERT INTO operacaoAgricola (idOperacao, dataOperacao, estadoOperacao)  values (272, TO_DATE('20/08/2022' ,  'DD/MM/YYYY'), 0);
INSERT INTO operacaoAgricola (idOperacao, dataOperacao, estadoOperacao)  values (273, TO_DATE('24/08/2022' ,  'DD/MM/YYYY'), 0);
INSERT INTO operacaoAgricola (idOperacao, dataOperacao, estadoOperacao)  values (274, TO_DATE('05/09/2022' ,  'DD/MM/YYYY'), 0);
INSERT INTO operacaoAgricola (idOperacao, dataOperacao, estadoOperacao)  values (275, TO_DATE('07/09/2022' ,  'DD/MM/YYYY'), 0);
INSERT INTO operacaoAgricola (idOperacao, dataOperacao, estadoOperacao)  values (276, TO_DATE('11/09/2022' ,  'DD/MM/YYYY'), 0);
INSERT INTO operacaoAgricola (idOperacao, dataOperacao, estadoOperacao)  values (277, TO_DATE('20/09/2022' ,  'DD/MM/YYYY'), 0);
INSERT INTO operacaoAgricola (idOperacao, dataOperacao, estadoOperacao)  values (278, TO_DATE('17/10/2022' ,  'DD/MM/YYYY'), 0);
INSERT INTO operacaoAgricola (idOperacao, dataOperacao, estadoOperacao)  values (279, TO_DATE('06/11/2022' ,  'DD/MM/YYYY'), 0);
INSERT INTO operacaoAgricola (idOperacao, dataOperacao, estadoOperacao)  values (280, TO_DATE('12/11/2022' ,  'DD/MM/YYYY'), 0);
INSERT INTO operacaoAgricola (idOperacao, dataOperacao, estadoOperacao)  values (281, TO_DATE('12/11/2022' ,  'DD/MM/YYYY'), 0);
INSERT INTO operacaoAgricola (idOperacao, dataOperacao, estadoOperacao)  values (282, TO_DATE('15/11/2022' ,  'DD/MM/YYYY'), 0);
INSERT INTO operacaoAgricola (idOperacao, dataOperacao, estadoOperacao)  values (283, TO_DATE('18/12/2022' ,  'DD/MM/YYYY'), 0);
INSERT INTO operacaoAgricola (idOperacao, dataOperacao, estadoOperacao)  values (284, TO_DATE('14/01/2023' ,  'DD/MM/YYYY'), 0);
INSERT INTO operacaoAgricola (idOperacao, dataOperacao, estadoOperacao)  values (285, TO_DATE('18/08/2023' ,  'DD/MM/YYYY'), 0);
INSERT INTO operacaoAgricola (idOperacao, dataOperacao, estadoOperacao)  values (286, TO_DATE('30/08/2023' ,  'DD/MM/YYYY'), 0);
INSERT INTO operacaoAgricola (idOperacao, dataOperacao, estadoOperacao)  values (287, TO_DATE('05/09/2023' ,  'DD/MM/YYYY'), 0);
INSERT INTO operacaoAgricola (idOperacao, dataOperacao, estadoOperacao)  values (288, TO_DATE('08/09/2023' ,  'DD/MM/YYYY'), 0);
INSERT INTO operacaoAgricola (idOperacao, dataOperacao, estadoOperacao)  values (289, TO_DATE('28/09/2023' ,  'DD/MM/YYYY'), 0);
INSERT INTO operacaoAgricola (idOperacao, dataOperacao, estadoOperacao)  values (290, TO_DATE('03/10/2023' ,  'DD/MM/YYYY'), 0);
INSERT INTO operacaoAgricola (idOperacao, dataOperacao, estadoOperacao)  values (291, TO_DATE('15/09/2023' ,  'DD/MM/YYYY'), 0);
INSERT INTO operacaoAgricola (idOperacao, dataOperacao, estadoOperacao)  values (292, TO_DATE('16/09/2023' ,  'DD/MM/YYYY'), 0);
INSERT INTO operacaoAgricola (idOperacao, dataOperacao, estadoOperacao)  values (293, TO_DATE('20/09/2023' ,  'DD/MM/YYYY'), 0);
INSERT INTO operacaoAgricola (idOperacao, dataOperacao, estadoOperacao)  values (294, TO_DATE('27/09/2023' ,  'DD/MM/YYYY'), 0);
INSERT INTO operacaoAgricola (idOperacao, dataOperacao, estadoOperacao)  values (295, TO_DATE('05/10/2023' ,  'DD/MM/YYYY'), 0);
INSERT INTO operacaoAgricola (idOperacao, dataOperacao, estadoOperacao)  values (296, TO_DATE('15/10/2023' ,  'DD/MM/YYYY'), 0);
INSERT INTO operacaoAgricola (idOperacao, dataOperacao, estadoOperacao)  values (297, TO_DATE('15/10/2023' ,  'DD/MM/YYYY'), 0);
INSERT INTO operacaoAgricola (idOperacao, dataOperacao, estadoOperacao)  values (298, TO_DATE('12/11/2023' ,  'DD/MM/YYYY'), 0);
INSERT INTO operacaoAgricola (idOperacao, dataOperacao, estadoOperacao)  values (299, TO_DATE('15/11/2023' ,  'DD/MM/YYYY'), 0);
INSERT INTO operacaoAgricola (idOperacao, dataOperacao, estadoOperacao)  values (300, TO_DATE('02/11/2023' ,  'DD/MM/YYYY'), 0);
INSERT INTO operacaoAgricola (idOperacao, dataOperacao, estadoOperacao)  values (301, TO_DATE('05/11/2023' ,  'DD/MM/YYYY'), 0);
INSERT INTO operacaoAgricola (idOperacao, dataOperacao, estadoOperacao)  values (302, TO_DATE('08/11/2023' ,  'DD/MM/YYYY'), 0);
INSERT INTO operacaoAgricola (idOperacao, dataOperacao, estadoOperacao)  values (303, TO_DATE('14/06/2023' ,  'DD/MM/YYYY'), 0);
INSERT INTO operacaoAgricola (idOperacao, dataOperacao, estadoOperacao)  values (304, TO_DATE('28/06/2023' ,  'DD/MM/YYYY'), 0);
INSERT INTO operacaoAgricola (idOperacao, dataOperacao, estadoOperacao)  values (305, TO_DATE('15/09/2023' ,  'DD/MM/YYYY'), 0);
INSERT INTO operacaoAgricola (idOperacao, dataOperacao, estadoOperacao)  values (306, TO_DATE('25/09/2023' ,  'DD/MM/YYYY'), 0);
INSERT INTO operacaoAgricola (idOperacao, dataOperacao, estadoOperacao)  values (307, TO_DATE('18/09/2023' ,  'DD/MM/YYYY'), 0);
INSERT INTO operacaoAgricola (idOperacao, dataOperacao, estadoOperacao)  values (308, TO_DATE('22/09/2023' ,  'DD/MM/YYYY'), 0);
INSERT INTO operacaoAgricola (idOperacao, dataOperacao, estadoOperacao)  values (309, TO_DATE('05/10/2023' ,  'DD/MM/YYYY'), 0);
INSERT INTO colheita (idOperacao, idCultura, quantidadeColhida)  values (243, 13, 2200);
INSERT INTO colheita (idOperacao, idCultura, quantidadeColhida)  values (244, 13, 1400);
INSERT INTO colheita (idOperacao, idCultura, quantidadeColhida)  values (245, 5, 3300);
INSERT INTO colheita (idOperacao, idCultura, quantidadeColhida)  values (246, 14, 600);
INSERT INTO colheita (idOperacao, idCultura, quantidadeColhida)  values (247, 14, 1800);
INSERT INTO colheita (idOperacao, idCultura, quantidadeColhida)  values (248, 15, 600);
INSERT INTO colheita (idOperacao, idCultura, quantidadeColhida)  values (249, 15, 2500);
INSERT INTO colheita (idOperacao, idCultura, quantidadeColhida)  values (250, 15, 2900);
INSERT INTO colheita (idOperacao, idCultura, quantidadeColhida)  values (251, 16, 2200);
INSERT INTO colheita (idOperacao, idCultura, quantidadeColhida)  values (252, 16, 1400);
INSERT INTO colheita (idOperacao, idCultura, quantidadeColhida)  values (253, 2, 3300);
INSERT INTO colheita (idOperacao, idCultura, quantidadeColhida)  values (254, 24, 900);
INSERT INTO colheita (idOperacao, idCultura, quantidadeColhida)  values (255, 7, 3300);
INSERT INTO colheita (idOperacao, idCultura, quantidadeColhida)  values (256, 17, 600);
INSERT INTO colheita (idOperacao, idCultura, quantidadeColhida)  values (257, 25, 800);
INSERT INTO colheita (idOperacao, idCultura, quantidadeColhida)  values (258, 17, 1800);
INSERT INTO colheita (idOperacao, idCultura, quantidadeColhida)  values (259, 22, 800);
INSERT INTO colheita (idOperacao, idCultura, quantidadeColhida)  values (260, 22, 1200);
INSERT INTO colheita (idOperacao, idCultura, quantidadeColhida)  values (261, 23, 950);
INSERT INTO colheita (idOperacao, idCultura, quantidadeColhida)  values (262, 23, 750);
INSERT INTO colheita (idOperacao, idCultura, quantidadeColhida)  values (263, 11, 210);
INSERT INTO colheita (idOperacao, idCultura, quantidadeColhida)  values (264, 12, 120);
INSERT INTO colheita (idOperacao, idCultura, quantidadeColhida)  values (265, 18, 600);
INSERT INTO colheita (idOperacao, idCultura, quantidadeColhida)  values (266, 18, 2500);
INSERT INTO colheita (idOperacao, idCultura, quantidadeColhida)  values (267, 18, 2900);
INSERT INTO colheita (idOperacao, idCultura, quantidadeColhida)  values (268, 19, 2250);
INSERT INTO colheita (idOperacao, idCultura, quantidadeColhida)  values (269, 19, 1300);
INSERT INTO colheita (idOperacao, idCultura, quantidadeColhida)  values (270, 4, 3500);
INSERT INTO colheita (idOperacao, idCultura, quantidadeColhida)  values (271, 9, 3300);
INSERT INTO colheita (idOperacao, idCultura, quantidadeColhida)  values (272, 24, 950);
INSERT INTO colheita (idOperacao, idCultura, quantidadeColhida)  values (273, 20, 650);
INSERT INTO colheita (idOperacao, idCultura, quantidadeColhida)  values (274, 20, 1900);
INSERT INTO colheita (idOperacao, idCultura, quantidadeColhida)  values (275, 25, 830);
INSERT INTO colheita (idOperacao, idCultura, quantidadeColhida)  values (276, 22, 750);
INSERT INTO colheita (idOperacao, idCultura, quantidadeColhida)  values (277, 22, 1150);
INSERT INTO colheita (idOperacao, idCultura, quantidadeColhida)  values (278, 23, 850);
INSERT INTO colheita (idOperacao, idCultura, quantidadeColhida)  values (279, 23, 900);
INSERT INTO colheita (idOperacao, idCultura, quantidadeColhida)  values (280, 11, 300);
INSERT INTO colheita (idOperacao, idCultura, quantidadeColhida)  values (281, 12, 200);
INSERT INTO colheita (idOperacao, idCultura, quantidadeColhida)  values (282, 21, 50);
INSERT INTO colheita (idOperacao, idCultura, quantidadeColhida)  values (283, 21, 200);
INSERT INTO colheita (idOperacao, idCultura, quantidadeColhida)  values (284, 21, 250);
INSERT INTO colheita (idOperacao, idCultura, quantidadeColhida)  values (285, 24 , 700);
INSERT INTO colheita (idOperacao, idCultura, quantidadeColhida)  values (286, 25 , 900);
INSERT INTO colheita (idOperacao, idCultura, quantidadeColhida)  values (287, 22 , 900);
INSERT INTO colheita (idOperacao, idCultura, quantidadeColhida)  values (288, 22 , 1050);
INSERT INTO colheita (idOperacao, idCultura, quantidadeColhida)  values (289, 23 , 950);
INSERT INTO colheita (idOperacao, idCultura, quantidadeColhida)  values (290, 23 , 800);
INSERT INTO colheita (idOperacao, idCultura, quantidadeColhida)  values (291,31, 700);
INSERT INTO colheita (idOperacao, idCultura, quantidadeColhida)  values (292,32, 600);
INSERT INTO colheita (idOperacao, idCultura, quantidadeColhida)  values (293,32, 700);
INSERT INTO colheita (idOperacao, idCultura, quantidadeColhida)  values (294,30, 600);
INSERT INTO colheita (idOperacao, idCultura, quantidadeColhida)  values (295,30, 700);
INSERT INTO colheita (idOperacao, idCultura, quantidadeColhida)  values (296,33, 1200);
INSERT INTO colheita (idOperacao, idCultura, quantidadeColhida)  values (297,29, 700);
INSERT INTO colheita (idOperacao, idCultura, quantidadeColhida)  values (298,28, 700);
INSERT INTO colheita (idOperacao, idCultura, quantidadeColhida)  values (299,28, 800);
INSERT INTO colheita (idOperacao, idCultura, quantidadeColhida)  values (300, 34 , 400);
INSERT INTO colheita (idOperacao, idCultura, quantidadeColhida)  values (301, 11 , 300);
INSERT INTO colheita (idOperacao, idCultura, quantidadeColhida)  values (302, 12 , 350);
INSERT INTO colheita (idOperacao, idCultura, quantidadeColhida)  values (303, 35 , 1500);
INSERT INTO colheita (idOperacao, idCultura, quantidadeColhida)  values (304, 35 , 2500);
INSERT INTO colheita (idOperacao, idCultura, quantidadeColhida)  values (305, 36 , 8000);
INSERT INTO colheita (idOperacao, idCultura, quantidadeColhida)  values (306, 36 , 5000);
INSERT INTO colheita (idOperacao, idCultura, quantidadeColhida)  values (307, 37 , 900);
INSERT INTO colheita (idOperacao, idCultura, quantidadeColhida)  values (308, 37 , 1500);
INSERT INTO colheita (idOperacao, idCultura, quantidadeColhida)  values (309, 37 , 1200);


INSERT INTO operacaoAgricola (idOperacao, dataOperacao, estadoOperacao)  values (310, TO_DATE('08/05/2023' ,  'DD/MM/YYYY'), 0);
INSERT INTO operacaoAgricola (idOperacao, dataOperacao, estadoOperacao)  values (311, TO_DATE('20/05/2023' ,  'DD/MM/YYYY'), 0);
INSERT INTO operacaoAgricola (idOperacao, dataOperacao, estadoOperacao)  values (312, TO_DATE('20/06/2023' ,  'DD/MM/YYYY'), 0);
INSERT INTO operacaoAgricola (idOperacao, dataOperacao, estadoOperacao)  values (313, TO_DATE('08/08/2023' ,  'DD/MM/YYYY'), 0);
INSERT INTO monda (idOperacao, idCultura, area)  values (310, 35 , 0.5);
INSERT INTO monda (idOperacao, idCultura, area)  values (311, 36 , 0.6);
INSERT INTO monda (idOperacao, idCultura, area)  values (312, 36 , 0.6);
INSERT INTO monda (idOperacao, idCultura, area)  values (313, 37 , 0.5);


INSERT INTO operacaoAgricola (idOperacao, dataOperacao, estadoOperacao)  values (314, TO_DATE('04/01/2019' ,  'DD/MM/YYYY'), 0);
INSERT INTO operacaoAgricola (idOperacao, dataOperacao, estadoOperacao)  values (315, TO_DATE('01/04/2023' ,  'DD/MM/YYYY'), 0);
INSERT INTO operacaoAgricola (idOperacao, dataOperacao, estadoOperacao)  values (316, TO_DATE('03/07/2023' ,  'DD/MM/YYYY'), 0);
INSERT INTO operacaoComFator (idOperacao, area)  values (314, 1.1);
INSERT INTO operacaoComFator (idOperacao, area)  values (315, 1.1);
INSERT INTO operacaoComFator (idOperacao, area)  values (316, 0.5);
INSERT INTO aplicacaoDeFator (idOperacao, idFatorDeProducao, quantidade)  values (314,1, 3200);
INSERT INTO aplicacaoDeFator (idOperacao, idFatorDeProducao, quantidade)  values (315,1, 500);
INSERT INTO aplicacaoDeFator (idOperacao, idFatorDeProducao, quantidade)  values (316,1, 1800);
INSERT INTO incorporacaoSolo (idOperacao, idParcela)  values (314, 105);
INSERT INTO incorporacaoSolo (idOperacao, idParcela)  values (315, 108);
INSERT INTO incorporacaoSolo (idOperacao, idParcela)  values (316, 108);


INSERT INTO operacaoAgricola (idOperacao, dataOperacao, estadoOperacao)  values (317, TO_DATE('04/07/2023' ,  'DD/MM/YYYY'), 0);
INSERT INTO operacaoAgricola (idOperacao, dataOperacao, estadoOperacao)  values (318, TO_DATE('10/10/2023' ,  'DD/MM/YYYY'), 0);
INSERT INTO operacaoComFator (idOperacao, area)  values (317, 0.5);
INSERT INTO operacaoComFator (idOperacao, area)  values (318, 1.1);
INSERT INTO aplicacaoDeFator (idOperacao, idFatorDeProducao, quantidade)  values (317,1, NULL);
INSERT INTO aplicacaoDeFator (idOperacao, idFatorDeProducao, quantidade)  values (318,1, NULL);
INSERT INTO mobilizacaoSolo (idOperacao, idParcela)  values (317, 108);
INSERT INTO mobilizacaoSolo (idOperacao, idParcela)  values (318, 108);


INSERT INTO operacaoAgricola (idOperacao, dataOperacao, estadoOperacao)  values (319, TO_DATE('06/01/2020' ,  'DD/MM/YYYY'), 0);
INSERT INTO operacaoAgricola (idOperacao, dataOperacao, estadoOperacao)  values (320, TO_DATE('06/01/2020' ,  'DD/MM/YYYY'), 0);
INSERT INTO operacaoAgricola (idOperacao, dataOperacao, estadoOperacao)  values (321, TO_DATE('06/01/2020' ,  'DD/MM/YYYY'), 0);
INSERT INTO operacaoAgricola (idOperacao, dataOperacao, estadoOperacao)  values (322, TO_DATE('06/01/2020' ,  'DD/MM/YYYY'), 0);
INSERT INTO operacaoAgricola (idOperacao, dataOperacao, estadoOperacao)  values (323, TO_DATE('07/01/2020' ,  'DD/MM/YYYY'), 0);
INSERT INTO operacaoAgricola (idOperacao, dataOperacao, estadoOperacao)  values (324, TO_DATE('07/01/2020' ,  'DD/MM/YYYY'), 0);
INSERT INTO operacaoAgricola (idOperacao, dataOperacao, estadoOperacao)  values (325, TO_DATE('07/01/2021' ,  'DD/MM/YYYY'), 0);
INSERT INTO operacaoAgricola (idOperacao, dataOperacao, estadoOperacao)  values (326, TO_DATE('07/01/2021' ,  'DD/MM/YYYY'), 0);
INSERT INTO operacaoAgricola (idOperacao, dataOperacao, estadoOperacao)  values (327, TO_DATE('08/01/2021' ,  'DD/MM/YYYY'), 0);
INSERT INTO operacaoAgricola (idOperacao, dataOperacao, estadoOperacao)  values (328, TO_DATE('07/01/2021' ,  'DD/MM/YYYY'), 0);
INSERT INTO operacaoAgricola (idOperacao, dataOperacao, estadoOperacao)  values (329, TO_DATE('07/01/2021' ,  'DD/MM/YYYY'), 0);
INSERT INTO operacaoAgricola (idOperacao, dataOperacao, estadoOperacao)  values (330, TO_DATE('08/01/2021' ,  'DD/MM/YYYY'), 0);
INSERT INTO operacaoAgricola (idOperacao, dataOperacao, estadoOperacao)  values (331, TO_DATE('15/01/2022' ,  'DD/MM/YYYY'), 0);
INSERT INTO operacaoAgricola (idOperacao, dataOperacao, estadoOperacao)  values (332, TO_DATE('15/01/2022' ,  'DD/MM/YYYY'), 0);
INSERT INTO operacaoAgricola (idOperacao, dataOperacao, estadoOperacao)  values (333, TO_DATE('15/01/2022' ,  'DD/MM/YYYY'), 0);
INSERT INTO operacaoAgricola (idOperacao, dataOperacao, estadoOperacao)  values (334, TO_DATE('16/01/2022' ,  'DD/MM/YYYY'), 0);
INSERT INTO operacaoAgricola (idOperacao, dataOperacao, estadoOperacao)  values (335, TO_DATE('16/01/2022' ,  'DD/MM/YYYY'), 0);
INSERT INTO operacaoAgricola (idOperacao, dataOperacao, estadoOperacao)  values (336, TO_DATE('16/01/2022' ,  'DD/MM/YYYY'), 0);
INSERT INTO operacaoAgricola (idOperacao, dataOperacao, estadoOperacao)  values (337, TO_DATE('15/05/2023' ,  'DD/MM/YYYY'), 0);
INSERT INTO operacaoAgricola (idOperacao, dataOperacao, estadoOperacao)  values (338, TO_DATE('15/05/2023' ,  'DD/MM/YYYY'), 0);
INSERT INTO operacaoAgricola (idOperacao, dataOperacao, estadoOperacao)  values (339, TO_DATE('15/05/2023' ,  'DD/MM/YYYY'), 0);
INSERT INTO operacaoAgricola (idOperacao, dataOperacao, estadoOperacao)  values (340, TO_DATE('15/05/2023' ,  'DD/MM/YYYY'), 0);
INSERT INTO operacaoAgricola (idOperacao, dataOperacao, estadoOperacao)  values (341, TO_DATE('15/05/2023' ,  'DD/MM/YYYY'), 0);
INSERT INTO operacaoAgricola (idOperacao, dataOperacao, estadoOperacao)  values (342, TO_DATE('15/05/2023' ,  'DD/MM/YYYY'), 0);
INSERT INTO operacaoAgricola (idOperacao, dataOperacao, estadoOperacao)  values (343, TO_DATE('13/01/2021' ,  'DD/MM/YYYY'), 0);
INSERT INTO operacaoAgricola (idOperacao, dataOperacao, estadoOperacao)  values (344, TO_DATE('12/01/2021' ,  'DD/MM/YYYY'), 0);
INSERT INTO operacaoAgricola (idOperacao, dataOperacao, estadoOperacao)  values (345, TO_DATE('12/01/2021' ,  'DD/MM/YYYY'), 0);
INSERT INTO operacaoAgricola (idOperacao, dataOperacao, estadoOperacao)  values (346, TO_DATE('12/01/2022' ,  'DD/MM/YYYY'), 0);
INSERT INTO operacaoAgricola (idOperacao, dataOperacao, estadoOperacao)  values (347, TO_DATE('12/01/2022' ,  'DD/MM/YYYY'), 0);
INSERT INTO operacaoAgricola (idOperacao, dataOperacao, estadoOperacao)  values (348, TO_DATE('13/01/2022' ,  'DD/MM/YYYY'), 0);
INSERT INTO operacaoAgricola (idOperacao, dataOperacao, estadoOperacao)  values (349, TO_DATE('12/01/2023' ,  'DD/MM/YYYY'), 0);
INSERT INTO operacaoAgricola (idOperacao, dataOperacao, estadoOperacao)  values (350, TO_DATE('12/01/2023' ,  'DD/MM/YYYY'), 0);
INSERT INTO operacaoAgricola (idOperacao, dataOperacao, estadoOperacao)  values (351, TO_DATE('12/01/2023' ,  'DD/MM/YYYY'), 0);
INSERT INTO operacaoComFator (idOperacao, area)  values (319, 0.125);
INSERT INTO operacaoComFator (idOperacao, area)  values (320, 0.05);
INSERT INTO operacaoComFator (idOperacao, area)  values (321, 0.1);
INSERT INTO operacaoComFator (idOperacao, area)  values (322, 0.075);
INSERT INTO operacaoComFator (idOperacao, area)  values (323, 0.1);
INSERT INTO operacaoComFator (idOperacao, area)  values (324, 0.125);
INSERT INTO operacaoComFator (idOperacao, area)  values (325, 0.125);
INSERT INTO operacaoComFator (idOperacao, area)  values (326, 0.05);
INSERT INTO operacaoComFator (idOperacao, area)  values (327, 0.1);
INSERT INTO operacaoComFator (idOperacao, area)  values (328, 0.075);
INSERT INTO operacaoComFator (idOperacao, area)  values (329, 0.1);
INSERT INTO operacaoComFator (idOperacao, area)  values (330, 0.125);
INSERT INTO operacaoComFator (idOperacao, area)  values (331, 0.125);
INSERT INTO operacaoComFator (idOperacao, area)  values (332, 0.05);
INSERT INTO operacaoComFator (idOperacao, area)  values (333, 0.1);
INSERT INTO operacaoComFator (idOperacao, area)  values (334, 0.075);
INSERT INTO operacaoComFator (idOperacao, area)  values (335, 0.1);
INSERT INTO operacaoComFator (idOperacao, area)  values (336, 0.125);
INSERT INTO operacaoComFator (idOperacao, area)  values (337, 0.125);
INSERT INTO operacaoComFator (idOperacao, area)  values (338, 0.05);
INSERT INTO operacaoComFator (idOperacao, area)  values (339, 0.1);
INSERT INTO operacaoComFator (idOperacao, area)  values (340, 0.075);
INSERT INTO operacaoComFator (idOperacao, area)  values (341, 0.1);
INSERT INTO operacaoComFator (idOperacao, area)  values (342, 0.125);
INSERT INTO operacaoComFator (idOperacao, area)  values (343, 0.135);
INSERT INTO operacaoComFator (idOperacao, area)  values (344, 0.09);
INSERT INTO operacaoComFator (idOperacao, area)  values (345, 0.18);
INSERT INTO operacaoComFator (idOperacao, area)  values (346, 0.135);
INSERT INTO operacaoComFator (idOperacao, area)  values (347, 0.09);
INSERT INTO operacaoComFator (idOperacao, area)  values (348, 0.18);
INSERT INTO operacaoComFator (idOperacao, area)  values (349, 0.135);
INSERT INTO operacaoComFator (idOperacao, area)  values (350, 0.09);
INSERT INTO operacaoComFator (idOperacao, area)  values (351, 0.18);
INSERT INTO aplicacaoDeFator (idOperacao, idFatorDeProducao, quantidade)  values (319,12, 100);
INSERT INTO aplicacaoDeFator (idOperacao, idFatorDeProducao, quantidade)  values (320,12, 40);
INSERT INTO aplicacaoDeFator (idOperacao, idFatorDeProducao, quantidade)  values (321,12, 80);
INSERT INTO aplicacaoDeFator (idOperacao, idFatorDeProducao, quantidade)  values (322,12, 60);
INSERT INTO aplicacaoDeFator (idOperacao, idFatorDeProducao, quantidade)  values (323,12, 80);
INSERT INTO aplicacaoDeFator (idOperacao, idFatorDeProducao, quantidade)  values (324,12, 100);
INSERT INTO aplicacaoDeFator (idOperacao, idFatorDeProducao, quantidade)  values (325,12, 150);
INSERT INTO aplicacaoDeFator (idOperacao, idFatorDeProducao, quantidade)  values (326,12, 60);
INSERT INTO aplicacaoDeFator (idOperacao, idFatorDeProducao, quantidade)  values (327,12, 120);
INSERT INTO aplicacaoDeFator (idOperacao, idFatorDeProducao, quantidade)  values (328,12, 90);
INSERT INTO aplicacaoDeFator (idOperacao, idFatorDeProducao, quantidade)  values (329,12, 120);
INSERT INTO aplicacaoDeFator (idOperacao, idFatorDeProducao, quantidade)  values (330,12, 150);
INSERT INTO aplicacaoDeFator (idOperacao, idFatorDeProducao, quantidade)  values (331,13, 150);
INSERT INTO aplicacaoDeFator (idOperacao, idFatorDeProducao, quantidade)  values (332,13, 60);
INSERT INTO aplicacaoDeFator (idOperacao, idFatorDeProducao, quantidade)  values (333,13, 120);
INSERT INTO aplicacaoDeFator (idOperacao, idFatorDeProducao, quantidade)  values (334,13, 90);
INSERT INTO aplicacaoDeFator (idOperacao, idFatorDeProducao, quantidade)  values (335,13, 120);
INSERT INTO aplicacaoDeFator (idOperacao, idFatorDeProducao, quantidade)  values (336,13, 150);
INSERT INTO aplicacaoDeFator (idOperacao, idFatorDeProducao, quantidade)  values (337,5, 5);
INSERT INTO aplicacaoDeFator (idOperacao, idFatorDeProducao, quantidade)  values (338,5, 2);
INSERT INTO aplicacaoDeFator (idOperacao, idFatorDeProducao, quantidade)  values (339,5, 4);
INSERT INTO aplicacaoDeFator (idOperacao, idFatorDeProducao, quantidade)  values (340,5, 3);
INSERT INTO aplicacaoDeFator (idOperacao, idFatorDeProducao, quantidade)  values (341,5, 4);
INSERT INTO aplicacaoDeFator (idOperacao, idFatorDeProducao, quantidade)  values (342,5, 5);
INSERT INTO aplicacaoDeFator (idOperacao, idFatorDeProducao, quantidade)  values (343,13, 120);
INSERT INTO aplicacaoDeFator (idOperacao, idFatorDeProducao, quantidade)  values (344,13, 180);
INSERT INTO aplicacaoDeFator (idOperacao, idFatorDeProducao, quantidade)  values (345,13, 240);
INSERT INTO aplicacaoDeFator (idOperacao, idFatorDeProducao, quantidade)  values (346,13, 120);
INSERT INTO aplicacaoDeFator (idOperacao, idFatorDeProducao, quantidade)  values (347,13, 180);
INSERT INTO aplicacaoDeFator (idOperacao, idFatorDeProducao, quantidade)  values (348,13, 240);
INSERT INTO aplicacaoDeFator (idOperacao, idFatorDeProducao, quantidade)  values (349,13, 120);
INSERT INTO aplicacaoDeFator (idOperacao, idFatorDeProducao, quantidade)  values (350,13, 180);
INSERT INTO aplicacaoDeFator (idOperacao, idFatorDeProducao, quantidade)  values (351,13, 240);
INSERT INTO fertilizacao (idOperacao, idCultura, idModoDeAplicacao)  values (319,28, 1);
INSERT INTO fertilizacao (idOperacao, idCultura, idModoDeAplicacao)  values (320,29, 1);
INSERT INTO fertilizacao (idOperacao, idCultura, idModoDeAplicacao)  values (321,30, 1);
INSERT INTO fertilizacao (idOperacao, idCultura, idModoDeAplicacao)  values (322,31, 1);
INSERT INTO fertilizacao (idOperacao, idCultura, idModoDeAplicacao)  values (323,32, 1);
INSERT INTO fertilizacao (idOperacao, idCultura, idModoDeAplicacao)  values (324,33, 1);
INSERT INTO fertilizacao (idOperacao, idCultura, idModoDeAplicacao)  values (325,28, 1);
INSERT INTO fertilizacao (idOperacao, idCultura, idModoDeAplicacao)  values (326,29, 1);
INSERT INTO fertilizacao (idOperacao, idCultura, idModoDeAplicacao)  values (327,30, 1);
INSERT INTO fertilizacao (idOperacao, idCultura, idModoDeAplicacao)  values (328,31, 1);
INSERT INTO fertilizacao (idOperacao, idCultura, idModoDeAplicacao)  values (329,32, 1);
INSERT INTO fertilizacao (idOperacao, idCultura, idModoDeAplicacao)  values (330,33, 1);
INSERT INTO fertilizacao (idOperacao, idCultura, idModoDeAplicacao)  values (331,28, 1);
INSERT INTO fertilizacao (idOperacao, idCultura, idModoDeAplicacao)  values (332,29, 1);
INSERT INTO fertilizacao (idOperacao, idCultura, idModoDeAplicacao)  values (333,30, 1);
INSERT INTO fertilizacao (idOperacao, idCultura, idModoDeAplicacao)  values (334,31, 1);
INSERT INTO fertilizacao (idOperacao, idCultura, idModoDeAplicacao)  values (335,32, 1);
INSERT INTO fertilizacao (idOperacao, idCultura, idModoDeAplicacao)  values (336,33, 1);
INSERT INTO fertilizacao (idOperacao, idCultura, idModoDeAplicacao)  values (337,28, 2);
INSERT INTO fertilizacao (idOperacao, idCultura, idModoDeAplicacao)  values (338,29, 2);
INSERT INTO fertilizacao (idOperacao, idCultura, idModoDeAplicacao)  values (339,30, 2);
INSERT INTO fertilizacao (idOperacao, idCultura, idModoDeAplicacao)  values (340,31, 2);
INSERT INTO fertilizacao (idOperacao, idCultura, idModoDeAplicacao)  values (341,32, 2);
INSERT INTO fertilizacao (idOperacao, idCultura, idModoDeAplicacao)  values (342,33, 2);
INSERT INTO fertilizacao (idOperacao, idCultura, idModoDeAplicacao)  values (343, 11 , 1);
INSERT INTO fertilizacao (idOperacao, idCultura, idModoDeAplicacao)  values (344, 12 , 1);
INSERT INTO fertilizacao (idOperacao, idCultura, idModoDeAplicacao)  values (345, 34 , 1);
INSERT INTO fertilizacao (idOperacao, idCultura, idModoDeAplicacao)  values (346, 11 , 1);
INSERT INTO fertilizacao (idOperacao, idCultura, idModoDeAplicacao)  values (347, 12 , 1);
INSERT INTO fertilizacao (idOperacao, idCultura, idModoDeAplicacao)  values (348, 34 , 1);
INSERT INTO fertilizacao (idOperacao, idCultura, idModoDeAplicacao)  values (349, 11 , 1);
INSERT INTO fertilizacao (idOperacao, idCultura, idModoDeAplicacao)  values (350, 12 , 1);
INSERT INTO fertilizacao (idOperacao, idCultura, idModoDeAplicacao)  values (351, 34 , 1);