DROP TABLE parcela CASCADE CONSTRAINTS;
DROP TABLE cultura CASCADE CONSTRAINTS;
DROP TABLE colheitaPrevista CASCADE CONSTRAINTS;
DROP TABLE planta CASCADE CONSTRAINTS;
DROP TABLE operacao CASCADE CONSTRAINTS;
DROP TABLE fatorDeProducao CASCADE CONSTRAINTS;
DROP TABLE fichaTecnica CASCADE CONSTRAINTS;
DROP TABLE etapaCicloVegetativo CASCADE CONSTRAINTS;

CREATE TABLE parcela (idParcela number(10) NOT NULL, designacao varchar2(255) NOT NULL, area number(19, 2) NOT NULL, PRIMARY KEY (idParcela));
CREATE TABLE cultura (idCultura number(10) NOT NULL, tipoCultura varchar2(255) NOT NULL, quantidade number(19) NOT NULL, unidade varchar2(255) NOT NULL, dataInicio date NOT NULL, dataFim date, idParcela number(10) NOT NULL, plantaNomeVariedade varchar2(255) NOT NULL, PRIMARY KEY (idCultura));
CREATE TABLE planta (nomeVariedade varchar2(255) NOT NULL, especie varchar2(255) NOT NULL, PRIMARY KEY (nomeVariedade));
CREATE TABLE etapaCicloVegetativo (nomeVariedade varchar2(255) NOT NULL, etapa varchar2(255) NOT NULL, periodo varchar2(255) NOT NULL, PRIMARY KEY (nomeVariedade, etapa));
CREATE TABLE colheitaPrevista (idCultura number(10) NOT NULL, semanaPrevista number(10) NOT NULL, quantidadePrevista varchar2(255) NOT NULL, unidade varchar2(255) NOT NULL, PRIMARY KEY (idCultura, semanaPrevista, quantidadePrevista));
CREATE TABLE operacao (idOperacao number(10) NOT NULL, idCultura number(10) NOT NULL, tipoOperacao varchar2(255) NOT NULL, dataOperacao date NOT NULL, finalidade varchar2(255), quantidade number(19, 2), unidade varchar2(255), fatorDeProducao varchar2(255), PRIMARY KEY (idOperacao));
CREATE TABLE fatorDeProducao (nomeComercial varchar2(255) NOT NULL, tipoFatorDeProducao varchar2(255) NOT NULL, formulacao varchar2(255) NOT NULL, PRIMARY KEY (nomeComercial));
CREATE TABLE fichaTecnica (fatorDeProducao varchar2(255) NOT NULL, elemento varchar2(255) NOT NULL, quantidadeElemento number(19, 2) NOT NULL, unidadeElemento varchar2(255) NOT NULL, PRIMARY KEY (fatorDeProducao, elemento));
ALTER TABLE cultura ADD CONSTRAINT FKcultura850567 FOREIGN KEY (idParcela) REFERENCES parcela (idParcela);
ALTER TABLE cultura ADD CONSTRAINT FKcultura625692 FOREIGN KEY (plantaNomeVariedade) REFERENCES planta (nomeVariedade);
ALTER TABLE etapaCicloVegetativo ADD CONSTRAINT FKetapaCiclo967163 FOREIGN KEY (nomeVariedade) REFERENCES planta (nomeVariedade);
ALTER TABLE operacao ADD CONSTRAINT FKoperacao592613 FOREIGN KEY (idCultura) REFERENCES cultura (idCultura);
ALTER TABLE operacao ADD CONSTRAINT FKoperacao977406 FOREIGN KEY (fatorDeProducao) REFERENCES fatorDeProducao (nomeComercial);
ALTER TABLE fichaTecnica ADD CONSTRAINT FKfichaTecni211908 FOREIGN KEY (fatorDeProducao) REFERENCES fatorDeProducao (nomeComercial);
ALTER TABLE colheitaPrevista ADD CONSTRAINT FKcolheitaPr355475 FOREIGN KEY (idCultura) REFERENCES cultura (idCultura);
--ALTER TABLE parcela ADD CONSTRAINT FKparcela370847 FOREIGN KEY () REFERENCES sistemaDeRega ();

Alter session set nls_language = portuguese;

--parcela
INSERT INTO parcela (idParcela, designacao, area) VALUES (101, 'Campo de bouça', 1.2);
INSERT INTO parcela (idParcela, designacao, area) VALUES (102, 'Campo grande', 3);
INSERT INTO parcela (idParcela, designacao, area) VALUES (103, 'Campo do poço', 1.5);
INSERT INTO parcela (idParcela, designacao, area) VALUES (104, 'Lameiro da ponte', 0.8);
INSERT INTO parcela (idParcela, designacao, area) VALUES (105, 'Lameiro do moinho', 1.1);
INSERT INTO parcela (idParcela, designacao, area) VALUES (106, 'Horta', 0.1);

--plantas
INSERT INTO planta (nomeVariedade, especie) VALUES ('Ameixoeira Rainha Claudia Caranguejeira', 'Prunus domestica');
INSERT INTO planta (nomeVariedade, especie) VALUES ('Ameixoeira President', 'Prunus domestica');
INSERT INTO planta (nomeVariedade, especie) VALUES ('Ameixoeira Stanley', 'Prunus domestica');
INSERT INTO planta (nomeVariedade, especie) VALUES ('Ameixoeira Angeleno', 'Prunus domestica');
INSERT INTO planta (nomeVariedade, especie) VALUES ('Ameixoeira Black Beauty', 'Prunus domestica');
INSERT INTO planta (nomeVariedade, especie) VALUES ('Ameixoeira Black Star', 'Prunus domestica');
INSERT INTO planta (nomeVariedade, especie) VALUES ('Ameixoeira Black Gold', 'Prunus domestica');
INSERT INTO planta (nomeVariedade, especie) VALUES ('Ameixoeira Black Diamond', 'Prunus domestica');
INSERT INTO planta (nomeVariedade, especie) VALUES ('Ameixoeira Black Amber', 'Prunus domestica');
INSERT INTO planta (nomeVariedade, especie) VALUES ('Ameixoeira Black Splendor', 'Prunus domestica');
INSERT INTO planta (nomeVariedade, especie) VALUES ('Ameixoeira Fortuna', 'Prunus domestica');
INSERT INTO planta (nomeVariedade, especie) VALUES ('Ameixoeira Friar', 'Prunus domestica');
INSERT INTO planta (nomeVariedade, especie) VALUES ('Ameixoeira El Dorado', 'Prunus domestica');
INSERT INTO planta (nomeVariedade, especie) VALUES ('Ameixoeira Elephant Heart', 'Prunus domestica');
INSERT INTO planta (nomeVariedade, especie) VALUES ('Ameixoeira Golden Japan', 'Prunus domestica');
INSERT INTO planta (nomeVariedade, especie) VALUES ('Ameixoeira Harry Pitchon', 'Prunus domestica');
INSERT INTO planta (nomeVariedade, especie) VALUES ('Ameixoeira Laetitia', 'Prunus domestica');
INSERT INTO planta (nomeVariedade, especie) VALUES ('Ameixoeira Metley', 'Prunus domestica');
INSERT INTO planta (nomeVariedade, especie) VALUES ('Ameixoeira Mirabelle de Nancy', 'Prunus domestica');
INSERT INTO planta (nomeVariedade, especie) VALUES ('Ameixoeira Queen Rose', 'Prunus domestica');
INSERT INTO planta (nomeVariedade, especie) VALUES ('Ameixoeira Red Beaut', 'Prunus domestica');
INSERT INTO planta (nomeVariedade, especie) VALUES ('Ameixoeira Santa Rosa', 'Prunus domestica');
INSERT INTO planta (nomeVariedade, especie) VALUES ('Ameixoeira Shiro', 'Prunus domestica');
INSERT INTO planta (nomeVariedade, especie) VALUES ('Ameixoeira Sungold', 'Prunus domestica');
INSERT INTO planta (nomeVariedade, especie) VALUES ('Ameixoeira Wilson Perfection', 'Prunus domestica');
INSERT INTO planta (nomeVariedade, especie) VALUES ('Ameixoeira Autumn Giant', 'Prunus domestica');
INSERT INTO planta (nomeVariedade, especie) VALUES ('Damasqueiro Bulida', 'Prunus armeniaca');
INSERT INTO planta (nomeVariedade, especie) VALUES ('Damasqueiro Canino', 'Prunus armeniaca');
INSERT INTO planta (nomeVariedade, especie) VALUES ('Damasqueiro Liabaud', 'Prunus armeniaca');
INSERT INTO planta (nomeVariedade, especie) VALUES ('Damasqueiro Maillot Jaune', 'Prunus armeniaca');
INSERT INTO planta (nomeVariedade, especie) VALUES ('Damasqueiro Polonais', 'Prunus armeniaca');
INSERT INTO planta (nomeVariedade, especie) VALUES ('Macieira Akane', 'Malus domestica');
INSERT INTO planta (nomeVariedade, especie) VALUES ('Macieira Belgolden', 'Malus domestica');
INSERT INTO planta (nomeVariedade, especie) VALUES ('Macieira Bravo de Esmolfe', 'Malus domestica');
INSERT INTO planta (nomeVariedade, especie) VALUES ('Macieira Casa Nova de Alcobaça', 'Malus domestica');
INSERT INTO planta (nomeVariedade, especie) VALUES ('Macieira Erovan', 'Malus domestica');
INSERT INTO planta (nomeVariedade, especie) VALUES ('Macieira Fuji', 'Malus domestica');
INSERT INTO planta (nomeVariedade, especie) VALUES ('Macieira Granny Smith', 'Malus domestica');
INSERT INTO planta (nomeVariedade, especie) VALUES ('Macieira Golden Delicious', 'Malus domestica');
INSERT INTO planta (nomeVariedade, especie) VALUES ('Macieira Hi-Early', 'Malus domestica');
INSERT INTO planta (nomeVariedade, especie) VALUES ('Macieira Jonagored', 'Malus domestica');
INSERT INTO planta (nomeVariedade, especie) VALUES ('Macieira Lysgolden', 'Malus domestica');
INSERT INTO planta (nomeVariedade, especie) VALUES ('Macieira Mutsu', 'Malus domestica');
INSERT INTO planta (nomeVariedade, especie) VALUES ('Macieira Porta da Loja', 'Malus domestica');
INSERT INTO planta (nomeVariedade, especie) VALUES ('Macieira Reinette ou Canada', 'Malus domestica');
INSERT INTO planta (nomeVariedade, especie) VALUES ('Macieira Reinette ou Grand Fay', 'Malus domestica');
INSERT INTO planta (nomeVariedade, especie) VALUES ('Macieira Riscadinha de Palmela', 'Malus domestica');
INSERT INTO planta (nomeVariedade, especie) VALUES ('Macieira Royal Gala', 'Malus domestica');
INSERT INTO planta (nomeVariedade, especie) VALUES ('Macieira Redchief', 'Malus domestica');
INSERT INTO planta (nomeVariedade, especie) VALUES ('Macieira Starking', 'Malus domestica');
INSERT INTO planta (nomeVariedade, especie) VALUES ('Macieira Summer Red', 'Malus domestica');
INSERT INTO planta (nomeVariedade, especie) VALUES ('Macieira Well''spur Delicious', 'Malus domestica');
INSERT INTO planta (nomeVariedade, especie) VALUES ('Macieira Noiva', 'Malus domestica');
INSERT INTO planta (nomeVariedade, especie) VALUES ('Macieira Olho Aberto', 'Malus domestica');
INSERT INTO planta (nomeVariedade, especie) VALUES ('Macieira Camoesa Rosa', 'Malus domestica');
INSERT INTO planta (nomeVariedade, especie) VALUES ('Macieira Malápio', 'Malus domestica');
INSERT INTO planta (nomeVariedade, especie) VALUES ('Macieira Gronho Doce', 'Malus domestica');
INSERT INTO planta (nomeVariedade, especie) VALUES ('Macieira Pé de Boi', 'Malus domestica');
INSERT INTO planta (nomeVariedade, especie) VALUES ('Macieira Pinova', 'Malus domestica');
INSERT INTO planta (nomeVariedade, especie) VALUES ('Macieira Pardo Lindo', 'Malus domestica');
INSERT INTO planta (nomeVariedade, especie) VALUES ('Macieira Pipo de Basto', 'Malus domestica');
INSERT INTO planta (nomeVariedade, especie) VALUES ('Macieira Prima', 'Malus domestica');
INSERT INTO planta (nomeVariedade, especie) VALUES ('Macieira Querina', 'Malus domestica');
INSERT INTO planta (nomeVariedade, especie) VALUES ('Macieira Vista Bella', 'Malus domestica');
INSERT INTO planta (nomeVariedade, especie) VALUES ('Macieira Golden Smoothee', 'Malus domestica');
INSERT INTO planta (nomeVariedade, especie) VALUES ('Macieira Golden Suprema', 'Malus domestica');
INSERT INTO planta (nomeVariedade, especie) VALUES ('Macieira Gloster 69', 'Malus domestica');
INSERT INTO planta (nomeVariedade, especie) VALUES ('Macieira Freedom', 'Malus domestica');
INSERT INTO planta (nomeVariedade, especie) VALUES ('Pera Nashi Sninseiki', 'Pyrus pyrifolia');
INSERT INTO planta (nomeVariedade, especie) VALUES ('Pera Nashi Kumoi', 'Pyrus pyrifolia');
INSERT INTO planta (nomeVariedade, especie) VALUES ('Pera Nashi Hosui', 'Pyrus pyrifolia');
INSERT INTO planta (nomeVariedade, especie) VALUES ('Pera Nashi Nijisseiki', 'Pyrus pyrifolia');
INSERT INTO planta (nomeVariedade, especie) VALUES ('Cenoura Carson Hybrid', 'Daucus carota subsp. Sativus');
INSERT INTO planta (nomeVariedade, especie) VALUES ('Cenoura Red Cored Chantenay', 'Daucus carota subsp. Sativus');
INSERT INTO planta (nomeVariedade, especie) VALUES ('Cenoura Danvers Half Long', 'Daucus carota subsp. Sativus');
INSERT INTO planta (nomeVariedade, especie) VALUES ('Cenoura Imperator 58', 'Daucus carota subsp. Sativus');
INSERT INTO planta (nomeVariedade, especie) VALUES ('Cenoura Sugarsnax Hybrid', 'Daucus carota subsp. Sativus');
INSERT INTO planta (nomeVariedade, especie) VALUES ('Cenoura Nelson Hybrid', 'Daucus carota subsp. Sativus');
INSERT INTO planta (nomeVariedade, especie) VALUES ('Cenoura Scarlet Nantes', 'Daucus carota subsp. Sativus');
INSERT INTO planta (nomeVariedade, especie) VALUES ('Tremoço Amarelo', 'Lupinus luteus');
INSERT INTO planta (nomeVariedade, especie) VALUES ('Tremoço Branco', 'Lupinus albus');
INSERT INTO planta (nomeVariedade, especie) VALUES ('Milho MAS 24.C', 'Zea mays');
INSERT INTO planta (nomeVariedade, especie) VALUES ('Milho Doce Golden Bantam', 'Zea mays');
INSERT INTO planta (nomeVariedade, especie) VALUES ('Nabo Greleiro Senhora Conceição', 'Brassica rapa');
INSERT INTO planta (nomeVariedade, especie) VALUES ('Oliveira Cobrançosa', 'Olea europaea');
INSERT INTO planta (nomeVariedade, especie) VALUES ('Oliveira Arbequina', 'Olea europaea');
INSERT INTO planta (nomeVariedade, especie) VALUES ('Oliveira Hojiblanca', 'Olea europaea');
INSERT INTO planta (nomeVariedade, especie) VALUES ('Oliveira Negrinha do Freixo', 'Olea europaea');
INSERT INTO planta (nomeVariedade, especie) VALUES ('Oliveira Picual', 'Olea europaea');
INSERT INTO planta (nomeVariedade, especie) VALUES ('Oliveira Maçanilha', 'Olea europaea');
INSERT INTO planta (nomeVariedade, especie) VALUES ('Oliveira Conserva de Elvas', 'Olea europaea');
INSERT INTO planta (nomeVariedade, especie) VALUES ('Oliveira Galega', 'Olea europaea');

--cultura
INSERT INTO cultura (idCultura, idParcela, tipoCultura, quantidade, unidade, dataInicio, dataFim, plantaNomeVariedade)VALUES (1, 102, 'Permanente', 30, 'un', TO_DATE('06/10/2016', 'DD/MM/YYYY'), NULL, 'Oliveira Galega');
INSERT INTO cultura (idCultura, idParcela, tipoCultura, quantidade, unidade, dataInicio, dataFim, plantaNomeVariedade)VALUES (2, 102, 'Permanente', 20, 'un', TO_DATE('10/10/2016', 'DD/MM/YYYY'), NULL, 'Oliveira Picual');
INSERT INTO cultura (idCultura, idParcela, tipoCultura, quantidade, unidade, dataInicio, dataFim, plantaNomeVariedade)VALUES (3, 104, 'Permanente', 90, 'un', TO_DATE('07/01/2017', 'DD/MM/YYYY'), NULL, 'Macieira Jonagored');
INSERT INTO cultura (idCultura, idParcela, tipoCultura, quantidade, unidade, dataInicio, dataFim, plantaNomeVariedade)VALUES (4, 104, 'Permanente', 60, 'un', TO_DATE('08/01/2017', 'DD/MM/YYYY'), NULL, 'Macieira Fuji');
INSERT INTO cultura (idCultura, idParcela, tipoCultura, quantidade, unidade, dataInicio, dataFim, plantaNomeVariedade)VALUES (5, 104, 'Permanente', 40, 'un', TO_DATE('08/01/2017', 'DD/MM/YYYY'), NULL, 'Macieira Royal Gala');
INSERT INTO cultura (idCultura, idParcela, tipoCultura, quantidade, unidade, dataInicio, dataFim, plantaNomeVariedade)VALUES (6, 104, 'Permanente', 30, 'un', TO_DATE('10/12/2018', 'DD/MM/YYYY'), NULL, 'Macieira Royal Gala');
INSERT INTO cultura (idCultura, idParcela, tipoCultura, quantidade, unidade, dataInicio, dataFim, plantaNomeVariedade)VALUES (7, 101, 'Temporária', 1.1, 'ha', TO_DATE('10/10/2020', 'DD/MM/YYYY'), TO_DATE('30/03/2021', 'DD/MM/YYYY'), 'Tremoço Amarelo');
INSERT INTO cultura (idCultura, idParcela, tipoCultura, quantidade, unidade, dataInicio, dataFim, plantaNomeVariedade)VALUES (8, 101, 'Temporária', 0.9, 'ha', TO_DATE('10/04/2021', 'DD/MM/YYYY'), TO_DATE('12/08/2021', 'DD/MM/YYYY'), 'Milho Doce Golden Bantam');
INSERT INTO cultura (idCultura, idParcela, tipoCultura, quantidade, unidade, dataInicio, dataFim, plantaNomeVariedade)VALUES (9, 101, 'Temporária', 0.9, 'ha', TO_DATE('15/04/2021', 'DD/MM/YYYY'), TO_DATE('21/08/2021', 'DD/MM/YYYY'), 'Milho Doce Golden Bantam');
INSERT INTO cultura (idCultura, idParcela, tipoCultura, quantidade, unidade, dataInicio, dataFim, plantaNomeVariedade)VALUES (10, 101, 'Temporária', 1.1, 'ha', TO_DATE('13/10/2021', 'DD/MM/YYYY'), TO_DATE('05/04/2022', 'DD/MM/YYYY'), 'Tremoço Amarelo');

--fatorDeProducao
INSERT INTO fatorDeProducao (nomeComercial, tipoFatorDeProducao, formulacao)VALUES ('Calda Bordalesa ASCENZA', 'Fitofármaco', 'Pó molhável');
INSERT INTO fatorDeProducao (nomeComercial, tipoFatorDeProducao, formulacao)VALUES ('Enxofre Bayer 80 WG', 'Fitofármaco', 'Pó molhável');
INSERT INTO fatorDeProducao (nomeComercial, tipoFatorDeProducao, formulacao)VALUES ('Patentkali', 'Adubo', 'Granulado');
INSERT INTO fatorDeProducao (nomeComercial, tipoFatorDeProducao, formulacao)VALUES ('ESTA Kieserit', 'Adubo', 'Granulado');
INSERT INTO fatorDeProducao (nomeComercial, tipoFatorDeProducao, formulacao)VALUES ('EPSO Microtop', 'Adubo', 'Granulado');
INSERT INTO fatorDeProducao (nomeComercial, tipoFatorDeProducao, formulacao)VALUES ('EPSO Top', 'Adubo', 'Granulado');
INSERT INTO fatorDeProducao (nomeComercial, tipoFatorDeProducao, formulacao)VALUES ('Biocal CaCo3', 'Corretor', 'Granulado');
INSERT INTO fatorDeProducao (nomeComercial, tipoFatorDeProducao, formulacao)VALUES ('Biocal Composto', 'Corretor', 'Pó');

--fichaTecnica
INSERT INTO fichaTecnica (fatorDeProducao, elemento, quantidadeElemento, unidadeElemento)VALUES ('Calda Bordalesa ASCENZA', 'CU', 20, '%');
INSERT INTO fichaTecnica (fatorDeProducao, elemento, quantidadeElemento, unidadeElemento)VALUES('Enxofre Bayer 80 WG', 'S', 80, '%');
INSERT INTO fichaTecnica (fatorDeProducao, elemento, quantidadeElemento, unidadeElemento)VALUES('Patentkali', 'K', 24.9, '%');
INSERT INTO fichaTecnica (fatorDeProducao, elemento, quantidadeElemento, unidadeElemento)VALUES('Patentkali', 'Mg', 6, '%');
INSERT INTO fichaTecnica (fatorDeProducao, elemento, quantidadeElemento, unidadeElemento)VALUES('Patentkali', 'S', 17.60, '%');
INSERT INTO fichaTecnica (fatorDeProducao, elemento, quantidadeElemento, unidadeElemento)VALUES('ESTA Kieserit', 'Mg', 15.1, '%');
INSERT INTO fichaTecnica (fatorDeProducao, elemento, quantidadeElemento, unidadeElemento)VALUES('ESTA Kieserit', 'S', 20.80, '%');
INSERT INTO fichaTecnica (fatorDeProducao, elemento, quantidadeElemento, unidadeElemento)VALUES('EPSO Microtop', 'Mg', 9.0, '%');
INSERT INTO fichaTecnica (fatorDeProducao, elemento, quantidadeElemento, unidadeElemento)VALUES('EPSO Microtop', 'S', 12.40, '%');
INSERT INTO fichaTecnica (fatorDeProducao, elemento, quantidadeElemento, unidadeElemento)VALUES('EPSO Microtop', 'B', 0.90, '%');
INSERT INTO fichaTecnica (fatorDeProducao, elemento, quantidadeElemento, unidadeElemento)VALUES('EPSO Microtop', 'Mn', 1, '%');
INSERT INTO fichaTecnica (fatorDeProducao, elemento, quantidadeElemento, unidadeElemento)VALUES('EPSO Top', 'Mg', 9.6, '%');
INSERT INTO fichaTecnica (fatorDeProducao, elemento, quantidadeElemento, unidadeElemento)VALUES('EPSO Top', 'S', 13, '%');
INSERT INTO fichaTecnica (fatorDeProducao, elemento, quantidadeElemento, unidadeElemento)VALUES('Biocal CaCo3', 'CaCO3', 88.2, '%');
INSERT INTO fichaTecnica (fatorDeProducao, elemento, quantidadeElemento, unidadeElemento)VALUES('Biocal CaCo3', 'MgCO3', 1.90, '%');
INSERT INTO fichaTecnica (fatorDeProducao, elemento, quantidadeElemento, unidadeElemento)VALUES('Biocal Composto', 'CaCO3', 71.7, '%');
INSERT INTO fichaTecnica (fatorDeProducao, elemento, quantidadeElemento, unidadeElemento)VALUES('Biocal Composto', 'MgCO3', 14.80, '%');
INSERT INTO fichaTecnica (fatorDeProducao, elemento, quantidadeElemento, unidadeElemento)VALUES('Biocal Composto', 'MgO', 7.90, '%');

INSERT INTO operacao (idOperacao ,idCultura, tipoOperacao, dataOperacao, finalidade, quantidade, unidade, fatorDeProducao)VALUES(1 , 1, 'Plantação', TO_DATE('06/10/2016', 'DD/MM/YYYY'), NULL, 30, 'un', NULL);
INSERT INTO operacao (idOperacao ,idCultura, tipoOperacao, dataOperacao, finalidade, quantidade, unidade, fatorDeProducao)VALUES(2 , 2, 'Plantação', TO_DATE('10/10/2016', 'DD/MM/YYYY'), NULL, 20, 'un', NULL);
INSERT INTO operacao (idOperacao ,idCultura, tipoOperacao, dataOperacao, finalidade, quantidade, unidade, fatorDeProducao)VALUES(3, 3, 'Plantação', TO_DATE('07/01/2017', 'DD/MM/YYYY'), NULL, 90, 'un', NULL);
INSERT INTO operacao (idOperacao ,idCultura, tipoOperacao, dataOperacao, finalidade, quantidade, unidade, fatorDeProducao)VALUES(4, 4, 'Plantação', TO_DATE('08/01/2017', 'DD/MM/YYYY'), NULL, 60, 'un', NULL);
INSERT INTO operacao (idOperacao ,idCultura, tipoOperacao, dataOperacao, finalidade, quantidade, unidade, fatorDeProducao)VALUES(5, 5, 'Plantação', TO_DATE('08/01/2017', 'DD/MM/YYYY'), NULL, 40, 'un', NULL);
INSERT INTO operacao (idOperacao ,idCultura, tipoOperacao, dataOperacao, finalidade, quantidade, unidade, fatorDeProducao)VALUES(6, 6, 'Plantação', TO_DATE('10/12/2018', 'DD/MM/YYYY'), NULL, 30, 'un', NULL);
INSERT INTO operacao (idOperacao ,idCultura, tipoOperacao, dataOperacao, finalidade, quantidade, unidade, fatorDeProducao)VALUES(7, 5, 'Poda', TO_DATE('5/12/2020', 'DD/MM/YYYY'), NULL, 70, 'un', NULL);
INSERT INTO operacao (idOperacao ,idCultura, tipoOperacao, dataOperacao, finalidade, quantidade, unidade, fatorDeProducao)VALUES(8, 6, 'Poda', TO_DATE('5/12/2020', 'DD/MM/YYYY'), NULL, 50, 'un', NULL);
INSERT INTO operacao (idOperacao ,idCultura, tipoOperacao, dataOperacao, finalidade, quantidade, unidade, fatorDeProducao)VALUES(9, 3, 'Poda', TO_DATE('15/12/2020', 'DD/MM/YYYY'), NULL, 40, 'un', NULL);
INSERT INTO operacao (idOperacao ,idCultura, tipoOperacao, dataOperacao, finalidade, quantidade, unidade, fatorDeProducao)VALUES(10, 4, 'Poda', TO_DATE('15/12/2020', 'DD/MM/YYYY'), NULL, 60, 'un', NULL);
INSERT INTO operacao (idOperacao ,idCultura, tipoOperacao, dataOperacao, finalidade, quantidade, unidade, fatorDeProducao)VALUES(11, 5, 'Poda', TO_DATE('28/11/2021', 'DD/MM/YYYY'), NULL, 70, 'un', NULL);
INSERT INTO operacao (idOperacao ,idCultura, tipoOperacao, dataOperacao, finalidade, quantidade, unidade, fatorDeProducao)VALUES(12, 3, 'Poda', TO_DATE('03/12/2021', 'DD/MM/YYYY'), NULL, 90, 'un', NULL);
INSERT INTO operacao (idOperacao ,idCultura, tipoOperacao, dataOperacao, finalidade, quantidade, unidade, fatorDeProducao)VALUES(13, 4, 'Poda', TO_DATE('18/12/2021', 'DD/MM/YYYY'), NULL, 60, 'un', NULL);
INSERT INTO operacao (idOperacao ,idCultura, tipoOperacao, dataOperacao, finalidade, quantidade, unidade, fatorDeProducao)VALUES(14 , 5, 'Poda', TO_DATE('04/12/2022', 'DD/MM/YYYY'), NULL, 70, 'un', NULL);
INSERT INTO operacao (idOperacao ,idCultura, tipoOperacao, dataOperacao, finalidade, quantidade, unidade, fatorDeProducao)VALUES(15 , 3, 'Poda', TO_DATE('07/12/2022', 'DD/MM/YYYY'), NULL, 90, 'un', NULL);
INSERT INTO operacao (idOperacao ,idCultura, tipoOperacao, dataOperacao, finalidade, quantidade, unidade, fatorDeProducao)VALUES(16 , 4, 'Poda', TO_DATE('12/01/2023', 'DD/MM/YYYY'), NULL, 60, 'un', NULL);
INSERT INTO operacao (idOperacao ,idCultura, tipoOperacao, dataOperacao, finalidade, quantidade, unidade, fatorDeProducao)VALUES(17 , 7, 'Sementeira', TO_DATE('10/10/2020', 'DD/MM/YYYY'), NULL, NULL, NULL, NULL);
INSERT INTO operacao (idOperacao ,idCultura, tipoOperacao, dataOperacao, finalidade, quantidade, unidade, fatorDeProducao)VALUES(18 , 9, 'Sementeira', TO_DATE('15/04/2021', 'DD/MM/YYYY'), NULL, NULL, NULL, NULL);
INSERT INTO operacao (idOperacao ,idCultura, tipoOperacao, dataOperacao, finalidade, quantidade, unidade, fatorDeProducao)VALUES( 19, 10, 'Sementeira', TO_DATE('13/10/2021', 'DD/MM/YYYY'), NULL, NULL, NULL, NULL);
INSERT INTO operacao (idOperacao ,idCultura, tipoOperacao, dataOperacao, finalidade, quantidade, unidade, fatorDeProducao)VALUES( 20, 8, 'Sementeira', TO_DATE('10/04/2022', 'DD/MM/YYYY'), NULL, NULL, NULL, NULL);
INSERT INTO operacao (idOperacao ,idCultura, tipoOperacao, dataOperacao, finalidade, quantidade, unidade, fatorDeProducao)VALUES( 21, 7, 'Incorporação no solo', TO_DATE('30/03/2021', 'DD/MM/YYYY'), NULL, NULL, NULL, NULL);
INSERT INTO operacao (idOperacao ,idCultura, tipoOperacao, dataOperacao, finalidade, quantidade, unidade, fatorDeProducao)VALUES( 22, 10, 'Incorporação no solo', TO_DATE('05/04/2022', 'DD/MM/YYYY'), NULL, NULL, NULL, NULL);
INSERT INTO operacao (idOperacao ,idCultura, tipoOperacao, dataOperacao, finalidade, quantidade, unidade, fatorDeProducao)VALUES( 23, 3, 'Fertelização', TO_DATE('02/05/2022', 'DD/MM/YYYY'), NULL, 10, 'kg', 'EPSO Microtop');
INSERT INTO operacao (idOperacao ,idCultura, tipoOperacao, dataOperacao, finalidade, quantidade, unidade, fatorDeProducao)VALUES( 24, 4, 'Fertelização', TO_DATE('02/05/2022', 'DD/MM/YYYY'), NULL, 10, 'kg', 'EPSO Microtop');
INSERT INTO operacao (idOperacao ,idCultura, tipoOperacao, dataOperacao, finalidade, quantidade, unidade, fatorDeProducao)VALUES( 25, 5, 'Fertelização', TO_DATE('02/05/2022', 'DD/MM/YYYY'), NULL, 10, 'kg', 'EPSO Microtop');
INSERT INTO operacao (idOperacao ,idCultura, tipoOperacao, dataOperacao, finalidade, quantidade, unidade, fatorDeProducao)VALUES( 26, 6, 'Fertelização', TO_DATE('02/05/2022', 'DD/MM/YYYY'), NULL, 10, 'kg', 'EPSO Microtop');
INSERT INTO operacao (idOperacao ,idCultura, tipoOperacao, dataOperacao, finalidade, quantidade, unidade, fatorDeProducao)VALUES( 27, 3, 'Fertelização', TO_DATE('13/05/2022', 'DD/MM/YYYY'), NULL, 10, 'kg', 'EPSO Microtop');
INSERT INTO operacao (idOperacao ,idCultura, tipoOperacao, dataOperacao, finalidade, quantidade, unidade, fatorDeProducao)VALUES( 28, 4, 'Fertelização', TO_DATE('13/05/2022', 'DD/MM/YYYY'), NULL, 10, 'kg', 'EPSO Microtop');
INSERT INTO operacao (idOperacao ,idCultura, tipoOperacao, dataOperacao, finalidade, quantidade, unidade, fatorDeProducao)VALUES( 29, 5, 'Fertelização', TO_DATE('13/05/2022', 'DD/MM/YYYY'), NULL, 10, 'kg', 'EPSO Microtop');
INSERT INTO operacao (idOperacao ,idCultura, tipoOperacao, dataOperacao, finalidade, quantidade, unidade, fatorDeProducao)VALUES( 30, 6, 'Fertelização', TO_DATE('13/05/2022', 'DD/MM/YYYY'), NULL, 10, 'kg', 'EPSO Microtop');
INSERT INTO operacao (idOperacao ,idCultura, tipoOperacao, dataOperacao, finalidade, quantidade, unidade, fatorDeProducao)VALUES( 31, 3, 'Rega', TO_DATE('07/05/2022', 'DD/MM/YYYY'), NULL, 5, 'm3', NULL);
INSERT INTO operacao (idOperacao ,idCultura, tipoOperacao, dataOperacao, finalidade, quantidade, unidade, fatorDeProducao)VALUES( 32, 4, 'Rega', TO_DATE('07/05/2022', 'DD/MM/YYYY'), NULL, 5, 'm3', NULL);
INSERT INTO operacao (idOperacao ,idCultura, tipoOperacao, dataOperacao, finalidade, quantidade, unidade, fatorDeProducao)VALUES( 33, 5, 'Rega', TO_DATE('07/05/2022', 'DD/MM/YYYY'), NULL, 5, 'm3', NULL);
INSERT INTO operacao (idOperacao ,idCultura, tipoOperacao, dataOperacao, finalidade, quantidade, unidade, fatorDeProducao)VALUES( 34, 6, 'Rega', TO_DATE('05/07/2022', 'DD/MM/YYYY'), NULL, 5, 'm3', NULL);
INSERT INTO operacao (idOperacao ,idCultura, tipoOperacao, dataOperacao, finalidade, quantidade, unidade, fatorDeProducao)VALUES( 35, 8, 'Colheita', TO_DATE('21/08/2021', 'DD/MM/YYYY'), NULL, 3300, 'kg', NULL);
INSERT INTO operacao (idOperacao ,idCultura, tipoOperacao, dataOperacao, finalidade, quantidade, unidade, fatorDeProducao)VALUES( 36, 5, 'Colheita', TO_DATE('24/08/2021', 'DD/MM/YYYY'), NULL, 900, 'kg', NULL);
INSERT INTO operacao (idOperacao ,idCultura, tipoOperacao, dataOperacao, finalidade, quantidade, unidade, fatorDeProducao)VALUES( 37, 6, 'Colheita', TO_DATE('05/09/2021', 'DD/MM/YYYY'), NULL, 800, 'kg', NULL);
INSERT INTO operacao (idOperacao ,idCultura, tipoOperacao, dataOperacao, finalidade, quantidade, unidade, fatorDeProducao)VALUES( 38, 3, 'Colheita', TO_DATE('12/09/2021', 'DD/MM/YYYY'), NULL, 800, 'kg', NULL);
INSERT INTO operacao (idOperacao ,idCultura, tipoOperacao, dataOperacao, finalidade, quantidade, unidade, fatorDeProducao)VALUES( 39, 3, 'Colheita', TO_DATE('23/09/2021', 'DD/MM/YYYY'), NULL, 1200, 'kg', NULL);
INSERT INTO operacao (idOperacao ,idCultura, tipoOperacao, dataOperacao, finalidade, quantidade, unidade, fatorDeProducao)VALUES( 40, 4, 'Colheita', TO_DATE('12/10/2021', 'DD/MM/YYYY'), NULL, 950, 'kg', NULL);
INSERT INTO operacao (idOperacao ,idCultura, tipoOperacao, dataOperacao, finalidade, quantidade, unidade, fatorDeProducao)VALUES( 41, 4, 'Colheita', TO_DATE('03/11/2021', 'DD/MM/YYYY'), NULL, 750, 'kg', NULL);
INSERT INTO operacao (idOperacao ,idCultura, tipoOperacao, dataOperacao, finalidade, quantidade, unidade, fatorDeProducao)VALUES( 42, 9, 'Colheita', TO_DATE('12/08/2022', 'DD/MM/YYYY'), NULL, 3500, 'kg', NULL);
INSERT INTO operacao (idOperacao ,idCultura, tipoOperacao, dataOperacao, finalidade, quantidade, unidade, fatorDeProducao)VALUES( 43, 5, 'Colheita', TO_DATE('20/08/2022', 'DD/MM/YYYY'), NULL, 950, 'kg', NULL);
INSERT INTO operacao (idOperacao ,idCultura, tipoOperacao, dataOperacao, finalidade, quantidade, unidade, fatorDeProducao)VALUES( 44, 6, 'Colheita', TO_DATE('07/09/2022', 'DD/MM/YYYY'), NULL, 830, 'kg', NULL);
INSERT INTO operacao (idOperacao ,idCultura, tipoOperacao, dataOperacao, finalidade, quantidade, unidade, fatorDeProducao)VALUES( 45, 3, 'Colheita', TO_DATE('11/09/2022', 'DD/MM/YYYY'), NULL, 750, 'kg', NULL);
INSERT INTO operacao (idOperacao ,idCultura, tipoOperacao, dataOperacao, finalidade, quantidade, unidade, fatorDeProducao)VALUES( 46, 3, 'Colheita', TO_DATE('20/09/2022', 'DD/MM/YYYY'), NULL, 1150, 'kg', NULL);
INSERT INTO operacao (idOperacao ,idCultura, tipoOperacao, dataOperacao, finalidade, quantidade, unidade, fatorDeProducao)VALUES( 47, 4, 'Colheita', TO_DATE('17/10/2022', 'DD/MM/YYYY'), NULL, 850, 'kg', NULL);
INSERT INTO operacao (idOperacao ,idCultura, tipoOperacao, dataOperacao, finalidade, quantidade, unidade, fatorDeProducao)VALUES( 48, 4, 'Colheita', TO_DATE('06/11/2022', 'DD/MM/YYYY'), NULL, 900, 'kg', NULL);